<?xml version="1.0" encoding="utf-8"?>


<dialogues>
  <dialogue event ="firstEncounter" character="samurai">
    <text value ="My Lord! We are under attack!"/>
    <text value ="We must defeat this demons to free the village."/>
  </dialogue>
  <dialogue event ="firstEncounterEnd" character="diablo">
    <text value ="You have won this battle, mortal."/>
    <text value ="A bigger army is coming from Hell!"/>
    <text value ="I'll be back to see your end."/>
  </dialogue>
  <dialogue event ="townRepair" character="samurai">
    <text value ="My Lord, the town is safe."/>
    <text value ="We've spotted demonic portals surrounding the village."/>
    <text value ="We need to prepare for the next fight."/>
    <text value ="Let's repair damaged buildings and train new soldiers."/>
    <text value ="Just click on the hammer(upper right corner)"/>
    <text value ="to assign your villager's tasks."/>
    <text value ="Click on a fully health building to train new units."/>
  </dialogue>
  <dialogue event ="wavesStart" character="samurai">
    <text value ="My Lord, the demon horde is coming!!!"/>
    <text value ="Defend the Town hall or we will be lost!"/>
  </dialogue>
  <dialogue event ="diabloSpawn" character="samurai">
    <text value ="Their general is coming back!"/> 
    <text value ="He looks stronger than before..."/>
    <text value ="This is the final battle..."/>
    <text value ="Kill him or our souls will suffer eternally."/>
  </dialogue>
  <dialogue event ="diabloSpawnbyDiablo" character="diablo">
    <text value ="Mortals... how dare you..?"/>
    <text value ="FEEL MY WRATH!"/>
  </dialogue>
  <dialogue event ="victoryDiablo" character="diablo">
    <text value ="How... how could this happen?"/>
    <text value ="Aaaaghhh..."/>
  </dialogue>
  <dialogue event ="victorySamurai" character="samurai">
    <text value ="You slayed the demon! The town is safe!"/>
    <text value ="Thanks Lord, we always trusted in you."/>
  </dialogue>
  <dialogue event ="defeatDiablo" character="diablo">
    <text value ="FOOLISH HUMAN, YOU THOUGHT YOU COULD DEFEAT ME?"/>
    <text value ="NOW EVERY SOUL SHALL BE MY SLAVE... BUT YOU..."/>
    <text value ="YOU'LL LIVE THE WORST AGONY TILL THE END OF TIMES!"/>
  </dialogue>
</dialogues>