<?xml version="1.0" encoding="UTF-8"?>
<!--
	
	BAMBOO1,//1
	BAMBOO2,//2
	BAMBOO3,//3
	BAMBOO4,//4
	BANNERA,//5
	BANNERB,//6
	ARCHERY,//7
	BARRACK,//8
	GREATHOUSE,//9
	HALL,//10
	HOUSE1,//11
	HOUSE2,//12
	HOUSE3,//13
	LUMBER,//14
	MARKET,//15
	MINE,//16
	MONASTERY,//17
	SIEGE,//18
	STABLE,//19
	UNIVERSITY,//20
	WONDER,//21
	CHARRIOT,//22
	GOLD1,//23
	GOLD2,//24
	GOLD3,//25
	GOLD4,//26
	GOLD5,//27
	GOLD6,//28
	SKELETONS1,//29
	SKULLPILE,//30
	STONE1,//31
	STONE2,//32
	STONE3,//33
	STONE4,//34
	STONE5,//35
	STONE6,//36
	TRASHLARGUE1,//37
	TRASHLARGUE2,//38
	TREES1,//39
	TREES2,//40
	TREES3,//41
	TREES4,//42
	TREES5,//43
	TREES6,//44
	TREES7,//45
	TREES8,//46

-->
<Objects>
  <object type="15" x="-1442" y="2158"/><!-- Market -->
  <object type="11" x="-1250" y="2094"/><!-- HOUSE -->
  <object type="11" x="-1106" y="2085"/> <!--<HOUSE -->
  <object type="12" x="-950" y="2194"/> <!-- HOUSE -->
  <object type="13" x="-552" y="2130"/> <!-- HOUSE -->
  <object type="12" x="-472" y="2180"/><!-- HOUSE -->
  <object type="12" x="-1632" y="2788"/><!-- HOUSE -->
  <object type="12" x="-2460" y="1810"/>  <!-- HOUSE -->
  <object type="13" x="-2400" y="1772"/>  <!-- HOUSE -->
  <object type="12" x="-1532" y="2738"/>
  <object type="13" x="-1652" y="2958"/>
  <object type="12" x="-816" y="2812"/>
  <object type="6" x="-1220" y="2880"/>
  <object type="11" x="-1344" y="2606"/>
  <object type="12" x="-1354" y="2680"/>
  <object type="13" x="-1200" y="2550"/>
  <object type="46" x="-910" y="2514"/>  <!-- tree -->
  <Object type="20" x="-1867" y="2500" />
  <Object type="17" x="-3127" y="2283" />
  <object type="14" x="-2880" y="1500"/>  
  <object type="16" x="-2056" y="1330"/> <!-- mina -->
  <object type="24" x="-2105" y="1325"/>  
  <object type="25" x="-1864" y="1450"/>
  <object type="27" x="-1814" y="1376"/>
  <object type="45" x="-2362" y="1252"/>  <!-- tree -->
  <object type="44" x="-2554" y="1254"/>
  <object type="44" x="-2554" y="1204"/>  <!-- tree -->
  <object type="43" x="-2554" y="1254"/>
  <object type="43" x="-2754" y="1254"/>
  <object type="44" x="-2754" y="1254"/>
  <object type="41" x="-2694" y="1214"/> 
  <object type="45" x="-2705" y="1164"/><!-- tree -->
  <object type="40" x="-2554" y="1114"/>
  <object type="44" x="-3034" y="1404"/>
  <object type="42" x="-3134" y="1460"/>
  <object type="46" x="-3134" y="1420"/>
  <object type="46" x="-3084" y="1400"/>
  <object type="45" x="-3184" y="1520"/>
  <object type="43" x="-3184" y="1485"/>
  <object type="41" x="-3084" y="1520"/>


<!--Creator-->
  <Object type="39" x="-542" y="1890" />
  <Object type="40" x="-908" y="1723" />
  <Object type="41" x="-633" y="1597" />
  <Object type="39" x="-1152" y="1568" />
  <Object type="39" x="-1171" y="1664" />
  <Object type="39" x="-1357" y="1709" />
  <Object type="42" x="-1735" y="1184" />
  <Object type="39" x="-1641" y="1217" />
  <Object type="41" x="-1682" y="1148" />
  <Object type="43" x="-775" y="1682" />
  <Object type="44" x="-728" y="1749" />
  <Object type="43" x="-1790" y="1162" />
  <Object type="42" x="-1889" y="1170" />
  <Object type="44" x="-1825" y="1223" />
  <Object type="45" x="-1696" y="1198" />
  <Object type="46" x="-1590" y="1214" />
  <Object type="39" x="-2648" y="1188" />
  <Object type="43" x="-2799" y="1234" />
  <Object type="44" x="-2752" y="1246" />
  <Object type="45" x="-2504" y="1070" />
  <Object type="44" x="-3275" y="1533" />
  <Object type="45" x="-3232" y="1495" />
  <Object type="42" x="-3324" y="1514" />
  <Object type="39" x="-2749" y="1390" />
  <Object type="46" x="-3129" y="1527" />
  <Object type="39" x="-2939" y="1392" />
  <Object type="40" x="-1727" y="1295" />
  <Object type="41" x="-1777" y="1246" />
  <Object type="42" x="-1699" y="1264" />
  <Object type="43" x="-1635" y="1232" />
  <Object type="44" x="-1590" y="1303" />
  <Object type="39" x="-1783" y="1245" />
  <Object type="43" x="-1637" y="1279" />
  <Object type="39" x="-2843" y="2690" />
  <Object type="40" x="-2789" y="2739" />
  <Object type="41" x="-2745" y="2747" />
  <Object type="42" x="-2600" y="2792" />
  <Object type="43" x="-3510" y="2062" />
  <Object type="44" x="-3417" y="2098" />
  <Object type="45" x="-3328" y="2103" />
  <Object type="46" x="-3267" y="2151" />
  <Object type="40" x="-3319" y="2269" />
  <Object type="41" x="-3261" y="2233" />
  <Object type="43" x="-2649" y="2973" />
  <Object type="44" x="-2411" y="3084" />
  <Object type="45" x="-2468" y="3009" />
  <Object type="46" x="-1728" y="2947" />
  <Object type="42" x="-1931" y="3041" />
  <Object type="41" x="-1825" y="3023" />
  <Object type="39" x="-3471" y="2214" />
  <Object type="39" x="-1788" y="2991" />
  <Object type="40" x="-1730" y="2989" />
  <Object type="41" x="-1640" y="3023" />
  <Object type="42" x="-1694" y="3067" />
  <Object type="43" x="-1634" y="3086" />
  <Object type="44" x="-1738" y="3072" />
  <Object type="45" x="-1780" y="3006" />
  <Object type="46" x="-1873" y="3026" />
  <Object type="39" x="-2274" y="3139" />
  <Object type="39" x="-1883" y="3091" />
  <Object type="40" x="-1823" y="3091" />
  <Object type="41" x="-1777" y="3051" />
  <Object type="42" x="-1736" y="3100" />
  <Object type="43" x="-1785" y="3164" />
  <Object type="44" x="-1737" y="3177" />
  <Object type="45" x="-1830" y="3120" />
  <Object type="46" x="-2067" y="3052" />
  <Object type="39" x="-402" y="2573" />
  <Object type="40" x="-436" y="2522" />
  <Object type="41" x="-343" y="2647" />
  <Object type="42" x="-300" y="2645" />
  <Object type="43" x="-248" y="2652" />
  <Object type="44" x="-56" y="2708" />
  <Object type="45" x="-115" y="2624" />
  <Object type="44" x="-153" y="2807" />
  <Object type="39" x="-360" y="2352" />
  <Object type="40" x="-238" y="2221" />
  <Object type="41" x="-101" y="2171" />
  <Object type="42" x="-154" y="2317" />
  <Object type="43" x="-94" y="2289" />
  <Object type="44" x="34" y="2351" />
  <Object type="45" x="-14" y="2325" />
  <Object type="46" x="-108" y="2398" />

  <Object type="39" x="-637" y="1698" />
  <Object type="40" x="-286" y="2492" />
  <Object type="41" x="-238" y="2511" />
  <Object type="43" x="-198" y="2539" />
  <Object type="44" x="-152" y="2551" />
  <Object type="45" x="-105" y="2471" />
  <Object type="39" x="-1547" y="3065" />
  <Object type="40" x="-1535" y="3152" />
  <Object type="41" x="-1828" y="3379" />
  <Object type="42" x="-1790" y="3418" />
  <Object type="43" x="-1685" y="3362" />
  <Object type="44" x="-1639" y="3528" />
  <Object type="45" x="-1551" y="3527" />
  <Object type="46" x="-1497" y="3526" />
  <Object type="39" x="-1356" y="3516" />
  <Object type="40" x="-1255" y="3595" />
  <Object type="41" x="-242" y="3094" />
  <Object type="42" x="-56" y="3119" />
  <Object type="43" x="-12" y="3137" />
  <Object type="44" x="-108" y="3178" />
  <Object type="44" x="-54" y="3202" />
  <Object type="45" x="-159" y="3147" />
  <Object type="44" x="-199" y="3227" />

  <Object type="46" x="-2" y="2543" />
  <Object type="45" x="-305" y="3168" />
  <Object type="44" x="-399" y="3234" />
  <Object type="43" x="-342" y="3214" />
  <Object type="42" x="-393" y="3245" />
  <Object type="41" x="-442" y="3251" />
  <Object type="40" x="-242" y="3226" />
  <Object type="39" x="-545" y="3388" />

  <Object type="39" x="86" y="2458" />
  <Object type="40" x="1" y="2798" />
  <Object type="41" x="-104" y="3171" />
  <Object type="42" x="-107" y="3243" />
  <Object type="43" x="-47" y="3208" />
  <Object type="44" x="-151" y="3255" />
  <Object type="45" x="-206" y="3222" />
  <Object type="46" x="-145" y="3272" />
  <Object type="39" x="-108" y="3313" />
  <Object type="40" x="-43" y="3326" />
  <Object type="41" x="-290" y="3229" />
  <Object type="42" x="-453" y="3319" />
  <Object type="43" x="-483" y="3341" />
  <Object type="44" x="-438" y="3401" />
  <Object type="45" x="-400" y="3319" />
  <Object type="39" x="-299" y="3370" />
  <Object type="40" x="-143" y="3323" />
  <Object type="41" x="-95" y="3322" />
  <Object type="42" x="-154" y="3372" />
  <Object type="43" x="-106" y="3387" />
  <Object type="44" x="-55" y="3456" />
  <Object type="45" x="-494" y="3379" />
  <Object type="46" x="-534" y="3427" />

  <Object type="1" x="-994" y="1754" />
  <Object type="2" x="-850" y="1895" />
  <Object type="3" x="-795" y="1871" />
  <Object type="4" x="-706" y="1917" />
  <Object type="2" x="-1762" y="1414" />
  <Object type="3" x="-1470" y="1421" />
  <Object type="4" x="-1470" y="1466" />
  <Object type="1" x="-1573" y="1502" />
  <Object type="2" x="-2001" y="1689" />
  <Object type="3" x="-133" y="2078" />
  <Object type="4" x="-26" y="2527" />
  <Object type="1" x="-1380" y="3651" />
  <Object type="2" x="-1427" y="3691" />
  <Object type="3" x="-1188" y="3723" />
  <Object type="4" x="-1140" y="3791" />
  <Object type="2" x="-1278" y="3767" />
  <Object type="3" x="-1333" y="3747" />
  <Object type="1" x="-894" y="3660" />
  <Object type="2" x="-1040" y="3839" />
  <Object type="3" x="-991" y="3824" />
  <Object type="4" x="-1091" y="3870" />
  <Object type="1" x="-1767" y="2909" />
  <Object type="2" x="-1378" y="2722" />
  <Object type="3" x="-1147" y="2647" />
  <Object type="4" x="-1038" y="2536" />
  <Object type="1" x="-1037" y="2320" />
  <Object type="2" x="-1050" y="2194" />
  <Object type="3" x="-995" y="2222" />
  <Object type="4" x="-352" y="2205" />
  <Object type="1" x="-656" y="3882" />
  <Object type="2" x="-460" y="3145" />
  <Object type="3" x="-1044" y="3197" />
  <Object type="4" x="-989" y="3170" />
  <Object type="1" x="-1715" y="3282" />
  <Object type="2" x="-1670" y="3217" />
  <Object type="1" x="-3053" y="2233" />
  <Object type="2" x="-3104" y="2217" />
  <Object type="3" x="-3348" y="1948" />
  <Object type="4" x="-3584" y="1817" />
  <Object type="1" x="-3681" y="1854" />
  <Object type="2" x="-3585" y="1870" />
  <Object type="3" x="-3437" y="1800" />
  <Object type="2" x="-3731" y="1894" />
  <Object type="1" x="-2187" y="1784" />
  <Object type="11" x="-2283" y="1657" />
  <Object type="12" x="-1881" y="1709" />
  <Object type="13" x="-716" y="2793" />
  <Object type="11" x="-3255" y="2214" />


  <Object type="1" x="-77" y="3782" />
  <Object type="2" x="-174" y="3790" />
  <Object type="3" x="-123" y="3774" />
  <Object type="4" x="-364" y="3843" />
  <Object type="2" x="113" y="3790" />
  <Object type="3" x="168" y="3669" />
  <Object type="1" x="548" y="3963" />
  <Object type="2" x="541" y="3719" />
  <Object type="3" x="13" y="3552" />
  <Object type="4" x="-559" y="3544" />
  <Object type="2" x="-319" y="3373" />
  <Object type="4" x="-173" y="3393" />
  <Object type="1" x="-947" y="376" />
  <Object type="2" x="-849" y="346" />
  <Object type="3" x="-855" y="400" />
  <Object type="4" x="-891" y="418" />
  <Object type="1" x="-994" y="403" />
  <Object type="2" x="-795" y="313" />
  <Object type="3" x="-801" y="372" />
  <Object type="4" x="-560" y="441" />
  <Object type="3" x="-707" y="425" />
  <Object type="2" x="-810" y="476" />
  <Object type="1" x="-705" y="368" />
  <Object type="2" x="-694" y="369" />
  <Object type="3" x="-754" y="499" />
  <Object type="2" x="-991" y="622" />
  <Object type="1" x="-2384" y="1129" />
  <Object type="2" x="-2198" y="1194" />ç

  <Object type="39" x="-204" y="3365" />
  <Object type="40" x="-243" y="3372" />
  <Object type="41" x="-342" y="3353" />
  <Object type="42" x="-104" y="3443" />
  <Object type="43" x="-55" y="3460" />
  <Object type="44" x="-60" y="3556" />
  <Object type="45" x="-115" y="3465" />
  <Object type="44" x="-390" y="3431" />
  <Object type="40" x="-436" y="3420" />
  <Object type="41" x="-479" y="3425" />
  <Object type="42" x="-582" y="3493" />
  <Object type="43" x="-626" y="3520" />
  <Object type="44" x="-585" y="3578" />
  <Object type="45" x="-629" y="3553" />
  <Object type="46" x="-586" y="3603" />
  <Object type="40" x="-534" y="3564" />
  <Object type="41" x="-390" y="3528" />
  <Object type="42" x="-398" y="3498" />
  <Object type="43" x="-298" y="3490" />
  <Object type="44" x="-247" y="3448" />
  <Object type="43" x="-244" y="3457" />
  <Object type="40" x="-337" y="3468" />
  <Object type="41" x="-344" y="3499" />
  <Object type="42" x="-449" y="3520" />
  <Object type="43" x="-489" y="3532" />
  <Object type="45" x="-451" y="3542" />
  <Object type="41" x="-342" y="3598" />
  <Object type="40" x="-381" y="3596" />
  <Object type="39" x="-443" y="3642" />
  <Object type="40" x="-200" y="3545" />
  <Object type="41" x="-5" y="3527" />
  <Object type="42" x="-60" y="3572" />
  <Object type="43" x="-11" y="3587" />
  <Object type="44" x="-156" y="3601" />
  <Object type="45" x="-115" y="3569" />
  <Object type="46" x="-55" y="3625" />
  <Object type="40" x="-389" y="3650" />
  <Object type="43" x="-150" y="3609" />
  <Object type="42" x="-251" y="3621" />
  <Object type="41" x="-192" y="3626" />
  <Object type="40" x="-291" y="3644" />
  <Object type="39" x="-298" y="3715" />
  <Object type="40" x="-50" y="3671" />
  <Object type="39" x="-6" y="3676" />

  <Object type="39" x="-345" y="3687" />
  <Object type="40" x="-479" y="3592" />
  <Object type="41" x="-240" y="3644" />
  <Object type="42" x="-198" y="3592" />
  <Object type="43" x="231" y="3309" />
  <Object type="40" x="142" y="3221" />
  <Object type="39" x="32" y="3288" />
  <Object type="40" x="93" y="3394" />
  <Object type="41" x="-398" y="3029" />
  <Object type="42" x="-586" y="3048" />
  <Object type="43" x="-1254" y="3385" />
  <Object type="44" x="-1454" y="3431" />

  <Object type="39" x="-930" y="3333" />
  <Object type="39" x="-10" y="2165" />
  <Object type="40" x="-298" y="1848" />
  <Object type="41" x="-1400" y="1213" />
  <Object type="42" x="-1224" y="1318" />
  <Object type="43" x="-3559" y="1783" />
  <Object type="44" x="-3518" y="1660" />
  <Object type="45" x="-3659" y="1721" />
  <Object type="40" x="-3028" y="1664" />
  <Object type="41" x="-3271" y="1627" />
  <Object type="42" x="-3372" y="1654" />
  <Object type="43" x="-3365" y="1693" />
  <Object type="44" x="-3316" y="1703" />
  <Object type="39" x="-3335" y="1845" />
  <!-- to delete after put trees-->
  <object type="6" x="-1220" y="2880"/>
  <object type="6" x="-1220" y="2880"/>
  <object type="6" x="-1220" y="2880"/>
  <object type="6" x="-1220" y="2880"/>
  <object type="6" x="-1220" y="2880"/>
  <object type="6" x="-1220" y="2880"/>
</Objects>
