<?xml version="1.0" encoding="UTF-8"?>
<!--
ASIAN_WALL_H, 0
	ASIAN_WALL_L, 1
	ASIAN_WALL_R, 2
	ASIAN_WALL_T, 3
	ASIAN_WALL_V, 4
	ASIAN_WALL_R_DMG, 6
	ASIAN_WALL_L_DMG, 7
	ASIAN_WALL_T_DMG, 8
	ASIAN_WALL_H_DMG, 9
	ASIAN_WALL_V_DMG, 10
	BAMBOO1, 11
	BAMBOO2, 12
	BAMBOO3, 13
	BAMBOO4, 14
	BANNERA, 15
	BANNERB, 16 
	CHARRIOT, 17
	PALISADE_R, 18
	PALISADE_L, 19
	PALISADE_T, 20 
	PALISADE_H, 21
	PALISADE_V, 22
	SKELETONS_GROUP, 23 
	SKULL_PILE, 24 
	TORCH_FLOOR_SQUARE, 25
	TORCH_FLOOR_TWISTED, 26
	TRASH_LARGE, 27
	TRASH_MEDIUM, 28 
	TRASH_SMALL, 29 
	OBJECT_NONE 30
-->
<Objects>
  <!-- <object type="22" x="100" y="100"/>
  <object type="15" x="230" y="790"/>
  <object type="3" x="2832" y="598"/>
  <object type="3" x="2592" y="718"/>
  <object type="3" x="2784" y="814"/>
  <object type="2" x="2795" y="698"/>
  <object type="2" x="2747" y="722"/>
  <object type="2" x="2799" y="746"/>
  <object type="2" x="2851" y="770"/>
  <object type="1" x="2650" y="815"/>
  <object type="1" x="2698" y="839"/>
  <object type="1" x="2746" y="864"/>
  -->

	<object type="12" x="-680" y="1247"/>
	<object type="13" x="-700" y="1255"/>
	<object type="12" x="-690" y="1300"/>
	<object type="14" x="-650" y="1200"/>

	<object type="30" x="-85" y="0" r="1"/>
	<object type="30" x="-37" y="23.5" r="1"/>
	<object type="30" x="0" y="600" r="2"/>
    <object type="30" x="300" y="600" r="3"/>
	<object type="30" x="700" y="600" r="4"/>
</Objects>
