<?xml version="1.0" encoding="UTF-8"?>
<!-- Created with TexturePacker http://www.codeandweb.com/texturepacker-->
<!-- $TexturePacker:SmartUpdate:0954819d2b0fd2160139314ecc36de4f:18633a573efccf21aeceee8dc9828940:715d6a8055eaecb424bd5556ef344306$ -->
<!--Format:
n  => name of the sprite
x  => sprite x pos in texture
y  => sprite y pos in texture
w  => sprite width (may be trimmed)
h  => sprite height (may be trimmed)
pX => x pos of the pivot point (relative to sprite width)
pY => y pos of the pivot point (relative to sprite height)
oX => sprite's x-corner offset (only available if trimmed)
oY => sprite's y-corner offset (only available if trimmed)
oW => sprite's original width (only available if trimmed)
oH => sprite's original height (only available if trimmed)
r => 'y' only set if sprite is rotated
with polygon mode enabled:
vertices   => points in sprite coordinate system (x0,y0,x1,y1,x2,y2, ...)
verticesUV => points in sheet coordinate system (x0,y0,x1,y1,x2,y2, ...)
triangles  => sprite triangulation, 3 vertex indices per triangle
-->
<TextureAtlas imagePath="ObjectsSpritesheet.png" width="1108" height="1108">
  
    <sprite n="asianWallH" x="1" y="1" w="99" h="71" pX="0.5" pY="0.5"/>
    <sprite n="asianWallL" x="102" y="1" w="72" h="90" pX="0.5" pY="0.5"/>
    <sprite n="asianWallR" x="176" y="1" w="72" h="88" pX="0.5" pY="0.5"/>
    <sprite n="asianWallT" x="250" y="1" w="95" h="170" pX="0.5" pY="0.5"/>
    <sprite n="asianWallV" x="347" y="1" w="34" h="101" pX="0.5" pY="0.5"/>
    <sprite n="AsianWallRdmg" x="383" y="1" w="89" h="110" pX="0.5" pY="0.5"/>
    <sprite n="AsianWallLdmg" x="474" y="1" w="89" h="109" pX="0.5" pY="0.5"/>
    <sprite n="AsianWallTdmg" x="565" y="1" w="96" h="181" pX="0.5" pY="0.5"/>
    <sprite n="AsianWallHdmg" x="663" y="1" w="98" h="100" pX="0.5" pY="0.5"/>
    <sprite n="AsianWallVdmg" x="763" y="1" w="73" h="110" pX="0.5" pY="0.5"/>
    <sprite n="Bamboo1" x="838" y="1" w="71" h="91" pX="0.5" pY="0.5"/>
    <sprite n="Bamboo2" x="911" y="1" w="58" h="72" pX="0.5" pY="0.5"/>
    <sprite n="Bamboo3" x="971" y="1" w="69" h="69" pX="0.5" pY="0.5"/>
    <sprite n="Bamboo4" x="1042" y="1" w="53" h="72" pX="0.5" pY="0.5"/>
    <sprite n="BannerA" x="1" y="184" w="37" h="126" pX="0.5" pY="0.5"/>
    <sprite n="BannerB" x="40" y="184" w="39" h="131" pX="0.5" pY="0.5"/>
    <sprite n="Charriot.bmp" x="81" y="184" w="126" h="76" pX="0.5" pY="0.5"/>
    <sprite n="CliffSW1" x="209" y="184" w="273" h="144" pX="0.5" pY="0.5"/>
    <sprite n="CliffSW2" x="484" y="184" w="271" h="150" pX="0.5" pY="0.5"/>
    <sprite n="CliffSW3" x="757" y="184" w="277" h="136" pX="0.5" pY="0.5"/>
    <sprite n="CliffSE1" x="1" y="336" w="294" h="156" pX="0.5" pY="0.5"/>
    <sprite n="CliffSE2" x="297" y="336" w="295" h="153" pX="0.5" pY="0.5"/>
    <sprite n="CliffNE1" x="594" y="336" w="153" h="86" pX="0.5" pY="0.5"/>
    <sprite n="CliffNE2" x="749" y="336" w="177" h="90" pX="0.5" pY="0.5"/>
    <sprite n="CliffNW1" x="928" y="336" w="172" h="95" pX="0.5" pY="0.5"/>
    <sprite n="CliffNW2" x="1" y="494" w="168" h="95" pX="0.5" pY="0.5"/>
    <sprite n="CliffSEW" x="171" y="494" w="308" h="155" pX="0.5" pY="0.5"/>
    <sprite n="Cliff1" x="481" y="494" w="294" h="151" pX="0.5" pY="0.5"/>
    <sprite n="Cliff2" x="777" y="494" w="292" h="150" pX="0.5" pY="0.5"/>
    <sprite n="Cliff3" x="1" y="651" w="294" h="139" pX="0.5" pY="0.5"/>
    <sprite n="Cliff4" x="297" y="651" w="270" h="143" pX="0.5" pY="0.5"/>
    <sprite n="Cliff5" x="569" y="651" w="146" h="76" pX="0.5" pY="0.5"/>
    <sprite n="Cliff6" x="717" y="651" w="173" h="70" pX="0.5" pY="0.5"/>
    <sprite n="Cliff7" x="892" y="651" w="147" h="81" pX="0.5" pY="0.5"/>
    <sprite n="Cliff8" x="1" y="796" w="141" h="90" pX="0.5" pY="0.5"/>
    <sprite n="Cliff9" x="144" y="796" w="283" h="138" pX="0.5" pY="0.5"/>
    <sprite n="PalisadeR" x="429" y="796" w="76" h="82" pX="0.5" pY="0.5"/>
    <sprite n="PalisadeL" x="507" y="796" w="75" h="83" pX="0.5" pY="0.5"/>
    <sprite n="PalisadeT" x="584" y="796" w="100" h="106" pX="0.5" pY="0.5"/>
    <sprite n="PalisadeH" x="686" y="796" w="112" h="68" pX="0.5" pY="0.5"/>
    <sprite n="PalisadeV" x="800" y="796" w="51" h="97" pX="0.5" pY="0.5"/>
    <sprite n="SkeletonsGroup" x="853" y="796" w="204" h="128" pX="0.5" pY="0.5" oX="21" oY="22" oW="227" oH="170"/>
    <sprite n="SkullPile" x="1059" y="796" w="48" h="24" pX="0.5" pY="0.5"/>
    <sprite n="Stones1" x="1" y="936" w="58" h="37" pX="0.5" pY="0.5"/>
    <sprite n="Stones2" x="61" y="936" w="75" h="36" pX="0.5" pY="0.5"/>
    <sprite n="Stones3" x="138" y="936" w="67" h="33" pX="0.5" pY="0.5"/>
    <sprite n="Stones4" x="207" y="936" w="75" h="44" pX="0.5" pY="0.5"/>
    <sprite n="Stones5" x="284" y="936" w="85" h="46" pX="0.5" pY="0.5"/>
    <sprite n="Stones6" x="371" y="936" w="78" h="42" pX="0.5" pY="0.5"/>
    <sprite n="TorchFloorSquare" x="451" y="936" w="61" h="39" pX="0.5" pY="0.5"/>
    <sprite n="TorchFloorTwisted" x="514" y="936" w="60" h="67" pX="0.5" pY="0.5"/>
    <sprite n="TrashLarge" x="576" y="936" w="235" h="122" pX="0.5" pY="0.5"/>
    <sprite n="TrashMedium" x="813" y="936" w="153" h="79" pX="0.5" pY="0.5"/>
    <sprite n="TrashSmall" x="968" y="936" w="91" h="51" pX="0.5" pY="0.5"/>
</TextureAtlas>
