<?xml version="1.0" encoding="UTF-8"?>
<!-- Created with TexturePacker http://www.codeandweb.com/texturepacker-->
<!-- $TexturePacker:SmartUpdate:c391590da95520c904e69547fd824073:6acca5b1a631a4a9541f12c21fc32aad:0e22a22b6708b5cde367dbdb7a9df342$ -->
<!--Format:
n  => name of the sprite
x  => sprite x pos in texture
y  => sprite y pos in texture
w  => sprite width (may be trimmed)
h  => sprite height (may be trimmed)
pX => x pos of the pivot point (relative to sprite width)
pY => y pos of the pivot point (relative to sprite height)
oX => sprite's x-corner offset (only available if trimmed)
oY => sprite's y-corner offset (only available if trimmed)
oW => sprite's original width (only available if trimmed)
oH => sprite's original height (only available if trimmed)
r => 'y' only set if sprite is rotated
with polygon mode enabled:
vertices   => points in sprite coordinate system (x0,y0,x1,y1,x2,y2, ...)
verticesUV => points in sheet coordinate system (x0,y0,x1,y1,x2,y2, ...)
triangles  => sprite triangulation, 3 vertex indices per triangle
-->
<TextureAtlas imagePath="ObjectsXML.png" width="797" height="797">
    <sprite n="bamboo/000_bamboo.bmp" x="40" y="1164" w="71" h="91" pX="0.5" pY="0.5"/><!-- 1 -->
    <sprite n="bamboo/001_bamboo.bmp" x="268" y="1164" w="58" h="72" pX="0.5" pY="0.5"/><!-- 2 -->
    <sprite n="bamboo/002_bamboo.bmp" x="328" y="1130" w="69" h="69" pX="0.5" pY="0.5"/><!-- 3 -->
    <sprite n="bamboo/003_bamboo.bmp" x="1225" y="1039" w="53" h="72" pX="0.5" pY="0.5"/><!-- 4 -->
    <sprite n="bannerA.png" x="1" y="1164" w="37" h="126" pX="0.5" pY="0.5"/><!-- 5 -->
    <sprite n="bannerB.png" x="283" y="576" w="39" h="131" pX="0.5" pY="0.5"/><!-- 6 -->

    <sprite n="buildings/Archery.bmp" x="1" y="869" w="320" h="293" pX="0.034375" pY="0.737201"/><!-- 7 -->
    <sprite n="buildings/Barracks.bmp" x="323" y="869" w="318" h="259" pX="0.0786164" pY="0.764479"/><!-- 8 -->
    <sprite n="buildings/Great House.bmp" x="927" y="281" w="359" h="267" pX="0.0501393" pY="0.674157"/><!-- 9 -->
    <sprite n="buildings/Hall.bmp" x="536" y="312" w="382" h="399" pX="0.0628272" pY="0.789474"/><!-- 10 -->
    <sprite n="buildings/house1.bmp" x="808" y="1122" w="238" h="166" pX="0.159664" pY="0.680723"/><!-- 11 -->
    <sprite n="buildings/house2.bmp" x="407" y="1130" w="216" h="158" pX="0.087963" pY="0.721519"/><!-- 12 -->
    <sprite n="buildings/house3.bmp" x="1" y="713" w="234" h="154" pX="0.149573" pY="0.681818"/><!-- 13 -->
    <sprite n="buildings/lumber.bmp" x="625" y="1130" w="181" h="142" pX="0.0331492" pY="0.711268"/><!-- 14 -->
    <sprite n="buildings/Market.bmp" x="536" y="1" w="389" h="309" pX="0.0771208" pY="0.686084"/><!-- 15 -->
    <sprite n="buildings/mine.bmp" x="237" y="713" w="168" h="143" pX="0" pY="0.713287"/><!-- 16 -->
    <sprite n="buildings/Monastery.bmp" x="1" y="446" w="280" h="262" pX="0.0142857" pY="0.736641"/><!-- 17 -->
    <sprite n="buildings/Siege.bmp" x="927" y="1" w="359" h="278" pX="0.0389972" pY="0.690647"/><!-- 18 -->
    <sprite n="buildings/Stable.bmp" x="643" y="880" w="318" h="240" pX="0.0314465" pY="0.675"/><!-- 19 -->
    <sprite n="buildings/University.bmp" x="920" y="550" w="366" h="317" pX="0.0163934" pY="0.716088"/><!-- 20 -->
    <sprite n="buildings/Wonder.bmp" x="1" y="1" w="533" h="443" pX="0.054409" pY="0.738149"/><!-- 21 -->

    <sprite n="charriot.bmp" x="407" y="576" w="126" h="76" pX="0.261905" pY="0.644737"/><!-- 22 -->
    <sprite n="gold/gold1.bmp" x="1058" y="869" w="82" h="40" pX="0.5" pY="0.5"/><!-- 23 -->
    <sprite n="gold/gold2.bmp" x="159" y="1245" w="76" h="45" pX="0.5" pY="0.5"/><!-- 24 -->
    <sprite n="gold/gold3.bmp" x="324" y="576" w="79" h="46" pX="0.5" pY="0.5"/><!-- 25 -->
    <sprite n="gold/gold4.bmp" x="963" y="1057" w="82" h="54" pX="0.5" pY="0.5"/><!-- 26 -->
    <sprite n="gold/gold5.bmp" x="1058" y="1000" w="82" h="48" pX="0.5" pY="0.5"/><!-- 27 -->
    <sprite n="gold/gold6.bmp" x="1047" y="1057" w="89" h="49" pX="0.5" pY="0.5"/><!-- 28 -->
    <sprite n="skeletons1.png" x="323" y="446" w="204" h="128" pX="0.5" pY="0.5" oX="21" oY="22" oW="227" oH="170"/><!-- 29 -->
    <sprite n="skullPile48x24.png" x="109" y="1257" w="48" h="24" pX="0.5" pY="0.5"/><!-- 30 -->

    <sprite n="stones1.bmp" x="1225" y="1000" w="58" h="37" pX="0.5" pY="0.5"/><!-- 31 -->
    <sprite n="stones2.bmp" x="324" y="668" w="75" h="36" pX="0.5" pY="0.5"/><!-- 32 -->
    <sprite n="stones3.bmp" x="40" y="1257" w="67" h="33" pX="0.5" pY="0.5"/><!-- 33 -->
    <sprite n="stones4.bmp" x="237" y="1245" w="75" h="44" pX="0.5" pY="0.5"/><!-- 34 -->
    <sprite n="stones5.bmp" x="1138" y="1050" w="85" h="46" pX="0.5" pY="0.5"/><!-- 35 -->
    <sprite n="stones6.bmp" x="324" y="624" w="78" h="42" pX="0.5" pY="0.5"/><!-- 36 -->

    <sprite n="trashLarge (2).bmp" x="113" y="1164" w="153" h="79" pX="0.228758" pY="0.506329"/><!-- 37 -->
    <sprite n="trashLarge (3).bmp" x="314" y="1238" w="91" h="51" pX="0.5" pY="0.5"/><!-- 38 -->
    
    <sprite n="trees/000_trees.bmp" x="534" y="713" w="119" h="143" pX="0.495798" pY="0.958042"/><!-- 39 -->
    <sprite n="trees/002_trees.bmp" x="655" y="713" w="107" h="162" pX="0.448598" pY="0.962963"/><!-- 40 -->
    <sprite n="trees/005_treesB.bmp" x="963" y="869" w="93" h="186" pX="0.526882" pY="0.935484"/><!-- 41 -->
    <sprite n="trees/006_treesB.bmp" x="808" y="713" w="110" h="165" pX="0.5" pY="0.939394"/><!-- 42 -->
    <sprite n="trees/007_treesB.bmp" x="1048" y="1108" w="106" h="172" pX="0.490566" pY="0.947674"/><!-- 43 -->
    <sprite n="trees/010_trees.bmp" x="1156" y="869" w="110" h="129" pX="0.527273" pY="0.953488"/><!-- 44 -->
    <sprite n="trees/011_trees.bmp" x="407" y="654" w="125" h="188" pX="0.48" pY="0.941489"/><!-- 45 -->
    <sprite n="trees/013_trees.bmp" x="1156" y="1113" w="108" h="161" pX="0.481481" pY="0.950311"/><!-- 46 -->
</TextureAtlas>
