<?xml version="1.0" encoding="UTF-8"?>
<!--
	
	BAMBOO1,//1
	BAMBOO2,//2
	BAMBOO3,//3
	BAMBOO4,//4
	BANNERA,//5
	BANNERB,//6
	ARCHERY,//7
	BARRACK,//8
	GREATHOUSE,//9
	HALL,//10
	HOUSE1,//11
	HOUSE2,//12
	HOUSE3,//13
	LUMBER,//14
	MARKET,//15
	MINE,//16
	MONASTERY,//17
	SIEGE,//18
	STABLE,//19
	UNIVERSITY,//20
	WONDER,//21
	CHARRIOT,//22
	GOLD1,//23
	GOLD2,//24
	GOLD3,//25
	GOLD4,//26
	GOLD5,//27
	GOLD6,//28
	SKELETONS1,//29
	SKULLPILE,//30
	STONE1,//31
	STONE2,//32
	STONE3,//33
	STONE4,//34
	STONE5,//35
	STONE6,//36
	TRASHLARGUE1,//37
	TRASHLARGUE2,//38
	TREES1,//39
	TREES2,//40
	TREES3,//41
	TREES4,//42
	TREES5,//43
	TREES6,//44
	TREES7,//45
	TREES8,//46

-->
<Objects>
<!-- Houses -->
  <Object type="11" x="-1571" y="2594" />
  <Object type="12" x="-1641" y="2643" />
  <Object type="13" x="-1336" y="2485" />
  <Object type="11" x="-1372" y="2545" />
  <Object type="12" x="-839" y="2665" />
  <Object type="13" x="-708" y="2654" />
  <Object type="11" x="-1221" y="1950" />
  <Object type="12" x="-1066" y="1969" />
  <Object type="13" x="-564" y="2005" />
  <Object type="11" x="-508" y="2069" />
  <Object type="13" x="-983" y="2084" />

  <Object type="11" x="-1174" y="2403" />
  <Object type="12" x="-256" y="2432" />
  <Object type="11" x="-1901" y="1617" />
  <Object type="12" x="-2264" y="1567" />
  <Object type="13" x="-2371" y="1675" />
  <Object type="11" x="-2481" y="1714" />
  <Object type="12" x="-3150" y="2074" />
  <Object type="13" x="-3473" y="1649" />
  <Object type="12" x="-2273" y="1570" />

  <Object type="11" x="-1663" y="2793" />
  <Object type="12" x="-2591" y="2459" />
  <Object type="13" x="-3388" y="1784" />
  <!-- Houses -->
  <!-- Buldings -->
  <Object type="17" x="-3095" y="2159" />
  <Object type="16" x="-2052" y="1240" />
  <Object type="15" x="-1421" y="2031" />
  <Object type="14" x="-2879" y="1413" />
  <!-- Buldings -->
  <!-- Rock -->
  <Object type="23" x="-1862" y="1370" />
  <Object type="24" x="-1771" y="1365" />
  <Object type="25" x="-1628" y="1342" />
  <Object type="26" x="-2106" y="1241" />
  <Object type="27" x="-1867" y="1272" />
  <Object type="23" x="-91" y="532" />
  <Object type="24" x="10" y="526" />
  <Object type="25" x="-178" y="528" />
  <Object type="27" x="8" y="579" />
  <Object type="23" x="1194" y="918" />
  <Object type="24" x="1243" y="937" />
  <Object type="25" x="1283" y="915" />
  <Object type="26" x="1325" y="931" />
  <Object type="23" x="946" y="2532" />
  <Object type="24" x="985" y="2550" />
  <Object type="25" x="904" y="2562" />
  <Object type="26" x="1005" y="2502" />
  <!-- Rock -->
  <!-- trees -->
  <Object type="39" x="-1353" y="3250" />
  <Object type="40" x="-903" y="3105" />
  <Object type="41" x="-1544" y="3351" />
  <Object type="42" x="-1500" y="3347" />
  <Object type="43" x="-1541" y="3320" />
  <Object type="44" x="-1597" y="3380" />
  <Object type="46" x="-1394" y="3453" />

  <Object type="40" x="-1345" y="3326" />
  <Object type="41" x="-1252" y="3395" />
  <Object type="42" x="-386" y="3032" />
  <Object type="43" x="-297" y="3025" />
  <Object type="44" x="-202" y="3070" />
  <Object type="45" x="-162" y="2991" />
  <Object type="46" x="-52" y="3062" />
  <Object type="39" x="-100" y="3061" />
  <Object type="40" x="50" y="3105" />
  <Object type="41" x="-432" y="3081" />
  <Object type="42" x="-397" y="3089" />
  <Object type="43" x="-47" y="3152" />
  <Object type="44" x="-104" y="3171" />
  <Object type="45" x="-250" y="3050" />

  <Object type="39" x="-540" y="3231" />
  <Object type="40" x="-290" y="3107" />
  <Object type="41" x="-145" y="3091" />
  <Object type="42" x="-108" y="3180" />
  <Object type="43" x="40" y="3200" />
  <Object type="44" x="-103" y="3261" />
  <Object type="45" x="-477" y="3149" />
  <Object type="46" x="-1734" y="2805" />
  <Object type="45" x="-1792" y="2800" />
  <Object type="44" x="-1633" y="2879" />
  <Object type="41" x="-1722" y="2820" />
  <Object type="42" x="-1642" y="2885" />
  <Object type="43" x="-1678" y="2911" />
  <Object type="39" x="-1736" y="2957" />
  <Object type="40" x="-1777" y="3016" />
  <Object type="42" x="-1926" y="2894" />
  <Object type="39" x="-1834" y="2872" />
  <Object type="40" x="-1822" y="2935" />
  <Object type="40" x="-289" y="2363" />
  <Object type="41" x="-147" y="2320" />
  <Object type="42" x="-107" y="2366" />
  <Object type="43" x="41" y="2184" />
  <Object type="44" x="-102" y="2113" />
  <Object type="39" x="270" y="2333" />
  <Object type="40" x="-626" y="1569" />
  <Object type="41" x="-296" y="1720" />
  <Object type="42" x="-351" y="1711" />
  <Object type="43" x="-436" y="1656" />
  <Object type="44" x="-203" y="1869" />
  <Object type="40" x="-87" y="1600" />

  <Object type="39" x="-3286" y="1415" />
  <Object type="40" x="-3748" y="1693" />
  <Object type="41" x="-3704" y="1651" />
  <Object type="42" x="-3661" y="1642" />
  <Object type="43" x="-3600" y="1662" />
  <Object type="44" x="-3551" y="1727" />
  <Object type="39" x="-3176" y="1522" />
  <Object type="40" x="-3023" y="1283" />
  <Object type="41" x="-2974" y="1235" />
  <Object type="42" x="-2939" y="1278" />
  <Object type="43" x="-2830" y="1177" />
  <Object type="44" x="-2747" y="1306" />
  <Object type="45" x="-2652" y="1061" />
  <Object type="46" x="-2548" y="1142" />
  <Object type="44" x="-3270" y="2059" />
  <Object type="45" x="-3422" y="1931" />
  <Object type="46" x="-3170" y="1986" />
  <Object type="40" x="-3024" y="1571" />
  <Object type="42" x="-1928" y="1543" />
  <Object type="43" x="-1871" y="1084" />
  <Object type="42" x="-2078" y="1044" />
  <Object type="39" x="-1599" y="1156" />
  <Object type="40" x="-1633" y="1116" />
  <Object type="41" x="-1784" y="1069" />
  
  
  	<Object type="39" x="-488" y="2911" />
	<Object type="40" x="-143" y="2202" />
	<Object type="41" x="-95" y="2152" />	
	<Object type="42" x="-926" y="1617" />
  <Object type="43" x="-1828" y="1106" />
	<Object type="44" x="-1778" y="1176" />	
	<Object type="45" x="-1837" y="1135" />	
	<Object type="46" x="-1592" y="1186" />
	<Object type="41" x="-1778" y="1163" />
	<Object type="42" x="-2400" y="964" />
	<Object type="43" x="-2699" y="1105" />
	<Object type="44" x="-2885" y="1244" />
	<Object type="45" x="-3140" y="1351" />
	<Object type="44" x="-3231" y="1459" />	
	<Object type="43" x="-3272" y="1493" />
	<Object type="42" x="-3375" y="1450" />
	<Object type="41" x="-3363" y="1477" />
	<Object type="40" x="-3787" y="1658" />
	<Object type="41" x="-3699" y="1596" />
	<Object type="42" x="-3565" y="1549" />
	<Object type="39" x="-1740" y="1233" />	
	<Object type="40" x="-2506" y="1022" />
	<Object type="41" x="-1490" y="1260" />
	<Object type="42" x="-1500" y="1234" />
	<Object type="43" x="-1201" y="1230" />	
	<Object type="45" x="-1026" y="2124" />
	<Object type="46" x="92" y="2318" />
	<Object type="40" x="-380" y="3141" />	
	<Object type="41" x="-195" y="3079" />
	<Object type="42" x="-680" y="3368" />	
	<Object type="43" x="-282" y="3187" />
	<Object type="44" x="-415" y="3240" />


  <Object type="39" x="997" y="2701" />
  <Object type="40" x="1114" y="2771" />
  <Object type="41" x="1076" y="2730" />
  <Object type="42" x="994" y="2726" />
  <Object type="43" x="1021" y="2790" />
  <Object type="44" x="1108" y="2865" />
  <Object type="45" x="958" y="2754" />
  <Object type="46" x="931" y="2818" />
  <Object type="40" x="1076" y="2907" />
  <Object type="41" x="978" y="2896" />
  <Object type="42" x="930" y="2721" />
  <Object type="43" x="1107" y="2686" />
  <Object type="40" x="1101" y="2702" />
  <Object type="41" x="885" y="2806" />
  <Object type="42" x="1018" y="2860" />
  <Object type="43" x="1219" y="2870" />
  <Object type="44" x="1200" y="2789" />
  <Object type="46" x="1175" y="2862" />

  <Object type="39" x="1173" y="2950" />
  <Object type="40" x="1136" y="2974" />
  <Object type="41" x="1006" y="2989" />
  <Object type="42" x="952" y="2954" />
  <Object type="43" x="931" y="2919" />
  <Object type="42" x="975" y="2875" />
  <Object type="44" x="1053" y="3005" />
  <Object type="45" x="864" y="2878" />
  <Object type="46" x="840" y="2812" />
  <Object type="39" x="812" y="2885" />
  <Object type="40" x="852" y="3034" />
  <Object type="41" x="430" y="2843" />
  <Object type="40" x="429" y="2918" />
  <Object type="42" x="472" y="2937" />
  <Object type="43" x="478" y="2982" />
  <Object type="44" x="474" y="3071" />
  <Object type="45" x="589" y="3067" />
  <Object type="40" x="682" y="2825" />
  <Object type="41" x="700" y="3042" />
  <Object type="42" x="859" y="3293" />
  <Object type="39" x="757" y="3242" />
  <Object type="40" x="664" y="3233" />
  <Object type="41" x="814" y="3332" />
  <Object type="42" x="895" y="3391" />
  <Object type="43" x="1047" y="3412" />
  <Object type="44" x="1094" y="3430" />
  <Object type="45" x="1185" y="3369" />
  <Object type="40" x="527" y="3117" />
  <Object type="39" x="1268" y="3165" />
  <Object type="41" x="1346" y="3301" />
  <Object type="42" x="1046" y="3163" />
  <Object type="43" x="563" y="2695" />
  <Object type="40" x="645" y="2583" />
  <Object type="39" x="704" y="2523" />
  <Object type="40" x="728" y="2420" />
  <Object type="41" x="812" y="2282" />
  <Object type="42" x="858" y="2217" />
  <Object type="40" x="1037" y="2487" />
  <Object type="41" x="1129" y="2467" />
  <Object type="42" x="870" y="2603" />
  <Object type="41" x="1060" y="2013" />
  <Object type="40" x="1008" y="2110" />
  <Object type="39" x="1190" y="1881" />
  <Object type="40" x="1289" y="2101" />
  <Object type="41" x="912" y="1741" />
  <Object type="40" x="853" y="1684" />
  <Object type="41" x="811" y="1456" />
  <Object type="42" x="801" y="1425" />
  <Object type="39" x="1053" y="1421" />
  <Object type="40" x="961" y="1466" />
  <Object type="41" x="1036" y="1617" />
  <Object type="42" x="1103" y="1568" />
  <Object type="43" x="1011" y="1550" />
  <Object type="44" x="1050" y="1535" />
  <Object type="40" x="770" y="1253" />
  <Object type="41" x="833" y="1289" />
  <Object type="40" x="965" y="1211" />
  <Object type="41" x="715" y="1172" />
  <Object type="42" x="699" y="1125" />
  <Object type="43" x="997" y="1275" />
  <Object type="42" x="1007" y="1343" />
  <Object type="41" x="957" y="1577" />
  <Object type="40" x="877" y="1363" />
  <Object type="39" x="794" y="1300" />
  <Object type="41" x="938" y="1576" />
  <Object type="44" x="1098" y="1667" />
  <Object type="45" x="948" y="1340" />
  <Object type="41" x="906" y="1120" />
  <Object type="40" x="869" y="1074" />
  <Object type="39" x="671" y="953" />
  <Object type="40" x="740" y="971" />
  <Object type="42" x="790" y="985" />
  <Object type="43" x="852" y="1026" />
  <Object type="40" x="701" y="1070" />
  <Object type="41" x="1104" y="1071" />
  <Object type="40" x="1045" y="1153" />
  <Object type="39" x="1176" y="1331" />
  <Object type="43" x="1185" y="1246" />
  <Object type="44" x="1128" y="1236" />
  <Object type="45" x="972" y="1085" />
  <Object type="46" x="1154" y="1077" />
  <Object type="39" x="1097" y="857" />
  <Object type="40" x="1343" y="1055" />
  <Object type="41" x="1279" y="952" />
  <Object type="43" x="1320" y="1321" />
  <Object type="40" x="790" y="1067" />
  <Object type="39" x="1222" y="755" />
  <Object type="44" x="1302" y="736" />
  <Object type="45" x="1178" y="655" />
  <Object type="46" x="701" y="595" />
  <Object type="44" x="969" y="1704" />

  <Object type="39" x="1053" y="2244" />
  <Object type="40" x="988" y="2311" />
  <Object type="41" x="973" y="2197" />
  <Object type="42" x="912" y="2149" />
  <Object type="43" x="1027" y="2253" />
  <Object type="44" x="988" y="2238" />
  <Object type="45" x="920" y="2257" />
  <Object type="43" x="948" y="2205" />
  <Object type="40" x="1326" y="1938" />
  <Object type="41" x="1289" y="1887" />
  <Object type="42" x="1247" y="1884" />
  <Object type="43" x="1340" y="1781" />
  <Object type="45" x="1338" y="1817" />
  <Object type="39" x="899" y="1732" />
  <Object type="40" x="967" y="1736" />
  <Object type="41" x="871" y="1534" />
  <Object type="42" x="859" y="1495" />
  <Object type="43" x="963" y="1576" />
  <Object type="44" x="937" y="1564" />
  <Object type="45" x="946" y="1409" />
  <Object type="46" x="939" y="1303" />
  <Object type="39" x="999" y="1418" />
  <Object type="40" x="918" y="1259" />
  <Object type="41" x="862" y="1200" />
  <Object type="42" x="842" y="1180" />
  <Object type="43" x="995" y="1030" />
  <Object type="42" x="1182" y="1407" />
  <Object type="41" x="1137" y="1334" />
  <Object type="40" x="1092" y="1291" />
  <Object type="39" x="714" y="1093" />
  <Object type="40" x="666" y="1111" />
  <Object type="41" x="614" y="1067" />
  <Object type="42" x="572" y="1070" />
  <Object type="43" x="528" y="1037" />
  <Object type="44" x="487" y="1060" />
  <Object type="45" x="455" y="987" />
  <Object type="46" x="626" y="856" />
  <Object type="39" x="620" y="961" />
  <Object type="40" x="631" y="1016" />
  <Object type="41" x="538" y="943" />
  <Object type="42" x="563" y="886" />
  <Object type="43" x="498" y="841" />
  <Object type="42" x="556" y="834" />
  <Object type="40" x="438" y="789" />
  <Object type="39" x="513" y="824" />
  <Object type="40" x="477" y="836" />
  <Object type="41" x="444" y="857" />
  <Object type="42" x="521" y="886" />
  <Object type="43" x="412" y="887" />
  <Object type="41" x="491" y="964" />
  <Object type="40" x="497" y="943" />
  <Object type="39" x="376" y="740" />
  <Object type="40" x="302" y="737" />
  <Object type="41" x="260" y="695" />
  <Object type="42" x="208" y="697" />
  <Object type="43" x="-9" y="627" />
  <Object type="44" x="23" y="689" />
  <Object type="45" x="83" y="664" />
  <Object type="40" x="-194" y="588" />
  <Object type="42" x="-106" y="639" />
  <Object type="43" x="-140" y="648" />
  <Object type="44" x="-188" y="712" />
  <Object type="45" x="-260" y="678" />
  <Object type="41" x="363" y="547" />
  <Object type="40" x="539" y="463" />
  <Object type="41" x="542" y="498" />
  <Object type="42" x="489" y="496" />
  <Object type="43" x="591" y="540" />
  <Object type="44" x="448" y="494" />
  <Object type="45" x="654" y="481" />
  <Object type="43" x="657" y="428" />
  <Object type="44" x="572" y="388" />



  <Object type="39" x="617" y="2644" />
  <Object type="40" x="634" y="2687" />
  <Object type="41" x="663" y="2796" />
  <Object type="42" x="562" y="2744" />
  <Object type="43" x="520" y="2777" />
  <Object type="44" x="667" y="2742" />
  <Object type="42" x="669" y="2815" />
  <Object type="43" x="617" y="2807" />
  <Object type="42" x="618" y="2900" />
  <Object type="41" x="-18" y="757" />
  <Object type="42" x="101" y="756" />
  <Object type="43" x="74" y="811" />
  <Object type="44" x="134" y="871" />
  <Object type="45" x="218" y="919" />
  <Object type="45" x="203" y="847" />
  <Object type="46" x="292" y="938" />
  <Object type="41" x="359" y="938" />
  <Object type="40" x="-81" y="720" />
  <Object type="42" x="397" y="801" />
  <Object type="43" x="541" y="662" />
  <Object type="44" x="781" y="888" />
  <Object type="41" x="769" y="913" />
  <Object type="42" x="764" y="910" />
  <Object type="40" x="762" y="897" />
  <Object type="41" x="723" y="854" />
  <Object type="40" x="723" y="847" />
  <Object type="42" x="723" y="847" />
  <Object type="40" x="700" y="767" />
  <Object type="42" x="699" y="760" />
  <Object type="40" x="654" y="796" />
  <Object type="42" x="620" y="796" />
  <Object type="40" x="595" y="795" />
  <Object type="42" x="601" y="676" />
  <Object type="40" x="489" y="736" />
  <Object type="42" x="489" y="736" />
  <Object type="41" x="491" y="727" />
  <Object type="42" x="859" y="913" />
  <Object type="40" x="859" y="913" />
  <Object type="41" x="859" y="913" />
  <Object type="41" x="902" y="849" />
  <Object type="41" x="810" y="794" />
  <Object type="42" x="975" y="612" />
  <Object type="41" x="869" y="547" />
  <Object type="42" x="1004" y="889" />
  <Object type="43" x="923" y="772" />
  <Object type="44" x="822" y="641" />
  <Object type="43" x="955" y="759" />
  <Object type="41" x="1030" y="446" />
  <Object type="40" x="1030" y="447" />
  <Object type="41" x="1206" y="565" />



  <Object type="39" x="-108" y="3534" />
  <Object type="40" x="-59" y="3490" />
  <Object type="41" x="-13" y="3443" />
  <Object type="42" x="19" y="3448" />
  <Object type="43" x="-194" y="3497" />
  <Object type="44" x="-151" y="3464" />
  <Object type="45" x="-24" y="3251" />
  <Object type="46" x="-67" y="3261" />
  <Object type="40" x="-64" y="3310" />
  <Object type="41" x="-60" y="3369" />
  <Object type="42" x="-93" y="3418" />
  <Object type="43" x="-118" y="3326" />
  <Object type="44" x="-231" y="3352" />
  <Object type="45" x="-186" y="3226" />
  <Object type="44" x="-167" y="3100" />
  <Object type="43" x="-211" y="3226" />
  <Object type="41" x="-347" y="3262" />
  <Object type="40" x="-519" y="3441" />
  <Object type="41" x="-572" y="3396" />
  <Object type="42" x="-634" y="3395" />
  <Object type="43" x="-459" y="3241" />
  <Object type="44" x="-495" y="3301" />
  <Object type="45" x="-532" y="3339" />
  <Object type="46" x="-559" y="3290" />
  <Object type="41" x="-327" y="3290" />
  <Object type="42" x="-390" y="3290" />
  <Object type="43" x="-465" y="3351" />
  <Object type="44" x="-412" y="3428" />
  <Object type="45" x="-309" y="3490" />
  <Object type="44" x="-244" y="3512" />
  <Object type="43" x="-291" y="3313" />
  <Object type="44" x="-486" y="3435" />
  <Object type="40" x="-1151" y="3565" />
  <Object type="41" x="-1207" y="3506" />
  <Object type="42" x="-1275" y="3502" />
  <Object type="43" x="-1322" y="3474" />
  <Object type="44" x="-1354" y="3505" />
  <Object type="40" x="-572" y="2937" />

  <Object type="39" x="-353" y="3512" />
  <Object type="40" x="-396" y="3464" />
  <Object type="41" x="-430" y="3424" />
  <Object type="42" x="-269" y="3436" />
  <Object type="41" x="-293" y="3423" />
  <Object type="44" x="-139" y="3330" />
  <Object type="45" x="-141" y="3333" />
  <Object type="46" x="-311" y="3256" />
  <Object type="39" x="-1068" y="3632" />
  <Object type="40" x="537" y="3449" />
  <Object type="42" x="228" y="3152" />
  <Object type="40" x="-3" y="2411" />
  <Object type="41" x="-49" y="2269" />
  <Object type="42" x="-249" y="2097" />
  <Object type="39" x="-1067" y="558" />
  <Object type="40" x="-1010" y="518" />
  <Object type="41" x="-961" y="513" />
  <Object type="42" x="-916" y="555" />
  <Object type="43" x="-862" y="446" />
  <Object type="44" x="-833" y="586" />
  <Object type="45" x="-778" y="552" />
  <Object type="46" x="-676" y="584" />
  <Object type="39" x="-646" y="626" />
  <Object type="40" x="-533" y="522" />
  <Object type="41" x="-480" y="530" />
  <Object type="42" x="-732" y="474" />
  <Object type="43" x="-625" y="488" />
  <Object type="44" x="-802" y="513" />
  <Object type="39" x="-428" y="550" />
  <Object type="46" x="-732" y="503" />
  <Object type="39" x="-443" y="672" />
  <Object type="40" x="-479" y="632" />
  <Object type="46" x="-531" y="612" />
  <Object type="43" x="-381" y="568" />
  <Object type="42" x="-317" y="575" />
  <Object type="41" x="-479" y="570" />
  <Object type="40" x="-561" y="563" />
  <Object type="39" x="-306" y="697" />
  <Object type="40" x="-340" y="661" />
  <Object type="42" x="-414" y="420" />
  <Object type="43" x="-600" y="361" />
  <Object type="44" x="-781" y="359" />
  <Object type="41" x="-480" y="414" />
  <Object type="42" x="-376" y="417" />
  <Object type="41" x="-345" y="337" />
  <Object type="39" x="-870" y="301" />
  <Object type="40" x="-950" y="371" />
  <Object type="41" x="-789" y="225" />
  <Object type="42" x="-972" y="266" />
  <Object type="43" x="-811" y="185" />
  <Object type="42" x="-877" y="234" />
  <Object type="41" x="-915" y="279" />
  <Object type="43" x="-859" y="248" />
  <Object type="44" x="-880" y="219" />
  <Object type="45" x="-1024" y="328" />
  <Object type="45" x="-872" y="328" />
  <Object type="40" x="-697" y="237" />
  <Object type="42" x="-597" y="433" />
  <Object type="41" x="-573" y="485" />
  <Object type="40" x="-465" y="438" />
  <Object type="39" x="-537" y="398" />
  <Object type="40" x="-599" y="267" />
  <Object type="41" x="-519" y="278" />
  <Object type="44" x="-430" y="378" />
  <Object type="45" x="-673" y="445" />
  <Object type="44" x="-736" y="393" />
  <Object type="43" x="-780" y="469" />
  <Object type="42" x="-793" y="410" />
  <Object type="41" x="-913" y="457" />
  <Object type="42" x="-891" y="392" />
  <Object type="45" x="-937" y="423" />
  <Object type="46" x="-936" y="434" />
  <Object type="40" x="-9" y="360" />
  <Object type="39" x="237" y="412" />
  <Object type="40" x="90" y="160" />
  <Object type="39" x="271" y="65" />
  <Object type="40" x="668" y="208" />
  <Object type="41" x="618" y="155" />
  <Object type="42" x="834" y="256" />
  <Object type="42" x="813" y="278" />
  <Object type="43" x="728" y="234" />
  <Object type="39" x="283" y="885" />
  <Object type="40" x="362" y="812" />
  <Object type="39" x="488" y="1228" />
  <Object type="40" x="349" y="1142" />
  <Object type="41" x="484" y="1113" />
  <Object type="42" x="213" y="1025" />
  <Object type="43" x="373" y="1015" />
  <Object type="39" x="699" y="1443" />
  <Object type="45" x="596" y="1400" />
  <Object type="40" x="584" y="1348" />
  <Object type="39" x="222" y="1933" />
  <Object type="40" x="443" y="2055" />
  <Object type="41" x="736" y="1929" />
  <Object type="42" x="765" y="1877" />
  <Object type="43" x="100" y="1778" />
  <Object type="41" x="287" y="1540" />
  <Object type="40" x="724" y="1746" />

  <Object type="40" x="1684" y="2373" />
  <Object type="41" x="1565" y="2373" />
  <Object type="42" x="1429" y="2347" />
  <Object type="43" x="1331" y="2445" />
  <Object type="44" x="1511" y="2687" />
  <Object type="45" x="1780" y="2557" />
  <Object type="46" x="1891" y="2718" />
  <Object type="39" x="-1397" y="826" />
  <Object type="40" x="-1291" y="706" />
  <!-- trees -->
  <!-- bamboo-->

  <Object type="1" x="-661" y="3700" />
  <Object type="2" x="-365" y="3668" />
  <Object type="3" x="-319" y="3686" />
  <Object type="4" x="115" y="3616" />
  <Object type="1" x="-179" y="3840" />
  <Object type="2" x="-366" y="3852" />
  <Object type="3" x="-450" y="3551" />
  <Object type="4" x="-295" y="3478" />
  <Object type="1" x="-342" y="3428" />
  <Object type="2" x="-270" y="3428" />
  <Object type="3" x="42" y="3446" />
  <Object type="4" x="8" y="3425" />
  <Object type="1" x="108" y="3314" />
  <Object type="2" x="161" y="3496" />
  <Object type="3" x="301" y="3332" />
  <Object type="4" x="514" y="3516" />
  <Object type="1" x="601" y="3216" />
  <Object type="2" x="649" y="3253" />
  <Object type="3" x="679" y="3211" />
  <Object type="4" x="657" y="3140" />
  <Object type="1" x="-1086" y="3676" />
  <Object type="2" x="-984" y="3634" />
  <Object type="3" x="-892" y="3500" />
  <Object type="4" x="-567" y="3463" />
  <Object type="1" x="-519" y="3440" />
  <Object type="2" x="-1040" y="3283" />
  <Object type="3" x="-1229" y="3329" />
  <Object type="4" x="-1461" y="3496" />
  <Object type="1" x="-1649" y="3387" />


  <Object type="1" x="-368" y="2975" />
  <Object type="2" x="-722" y="3114" />
  <Object type="3" x="-756" y="2928" />
  <Object type="4" x="-651" y="2754" />
  <Object type="1" x="-1233" y="2784" />
  <Object type="2" x="-966" y="3016" />
  <Object type="1" x="-1519" y="3075" />
  <Object type="3" x="-1613" y="3042" />
  <Object type="4" x="-1703" y="3083" />
  <Object type="1" x="-1803" y="3078" />
  <Object type="3" x="-1769" y="2785" />
  <Object type="1" x="-1653" y="2723" />
  <Object type="2" x="-1357" y="2579" />
  <Object type="4" x="-1364" y="2604" />
  <Object type="2" x="-1695" y="2772" />
  <Object type="1" x="-2046" y="2953" />
  <Object type="2" x="-2244" y="3016" />
  <Object type="3" x="-1507" y="2768" />
  <Object type="1" x="-893" y="2472" />
  <Object type="2" x="-991" y="2402" />
  <Object type="4" x="-320" y="2292" />
  <Object type="1" x="-418" y="2472" />
  <Object type="2" x="-365" y="2508" />
  <Object type="3" x="-272" y="2614" />
  <Object type="1" x="-79" y="2593" />
  <Object type="2" x="-230" y="2633" />
  <Object type="3" x="-134" y="2729" />
  <Object type="4" x="-30" y="2624" />
  <Object type="1" x="18" y="2742" />
  <Object type="2" x="355" y="2492" />
  <Object type="3" x="18" y="2318" />
  <Object type="1" x="-170" y="2420" />
  <Object type="2" x="24" y="2134" />
  <Object type="4" x="-508" y="1863" />
  <Object type="1" x="-749" y="1680" />
  <Object type="2" x="-713" y="1716" />
  <Object type="3" x="-710" y="1819" />
  <Object type="4" x="-796" y="1762" />
  <Object type="1" x="-996" y="1658" />
  <Object type="2" x="-898" y="1660" />
  <Object type="4" x="-1130" y="1649" />
  <Object type="2" x="-757" y="1511" />
  <Object type="3" x="-84" y="1750" />
  <Object type="1" x="-28" y="1704" />
  <Object type="2" x="-1140" y="1550" />
  <Object type="3" x="-1331" y="1702" />
  <Object type="2" x="-1569" y="1432" />
  <Object type="4" x="-1652" y="1253" />
  <Object type="2" x="-1699" y="1200" />
  <Object type="1" x="-1709" y="1238" />
  <Object type="2" x="-1129" y="1114" />
  <Object type="3" x="-1233" y="1027" />
  <Object type="1" x="-2418" y="1075" />
  <Object type="2" x="-2343" y="1292" />
  <Object type="3" x="-2530" y="1292" />
  <Object type="4" x="-2669" y="1262" />
  <Object type="1" x="-2146" y="1674" />
  <Object type="2" x="-2088" y="1660" />



  <Object type="1" x="-315" y="2617" />
  <Object type="3" x="-1520" y="2995" />
  <Object type="4" x="-1741" y="2643" />
  <Object type="1" x="-2432" y="2904" />
  <Object type="2" x="-2436" y="2978" />
  <Object type="3" x="-2385" y="2997" />
  <Object type="1" x="-2386" y="3019" />
  <Object type="2" x="-2341" y="3060" />
  <Object type="3" x="-2631" y="2880" />
  <Object type="4" x="-2604" y="2928" />
  <Object type="1" x="-2775" y="2686" />
  <Object type="2" x="-2719" y="2728" />
  <Object type="3" x="-2586" y="2752" />
  <Object type="4" x="-2668" y="2900" />
  <Object type="2" x="-2820" y="2636" />
  <Object type="1" x="-3294" y="2186" />
  <Object type="2" x="-3111" y="2178" />
  <Object type="3" x="-3230" y="2059" />
  <Object type="4" x="-3294" y="2103" />
  <Object type="2" x="-3439" y="2177" />
  <Object type="1" x="-3346" y="2019" />
  <Object type="2" x="-3631" y="1787" />
  <Object type="3" x="-3779" y="1827" />
  <Object type="1" x="-3438" y="1735" />
  <Object type="2" x="-3414" y="1595" />
  <Object type="3" x="-3371" y="1622" />
  <Object type="1" x="-3202" y="1614" />
  <Object type="2" x="-3303" y="1623" />
  <Object type="3" x="-3292" y="1579" />
  <Object type="1" x="-2481" y="1795" />
  <Object type="2" x="-1845" y="1618" />
  <Object type="3" x="-2046" y="1623" />
  <Object type="4" x="-1079" y="2069" />
  <Object type="1" x="-851" y="1774" />
  <Object type="2" x="573" y="2911" />
  <Object type="1" x="505" y="2914" />
  <Object type="2" x="581" y="3005" />
  <Object type="3" x="630" y="2899" />
  <Object type="4" x="725" y="2752" />
  <Object type="1" x="757" y="3339" />
  <Object type="2" x="843" y="3387" />
  <Object type="3" x="906" y="3455" />
  <Object type="4" x="1011" y="3456" />
  <Object type="1" x="969" y="3105" />
  <Object type="2" x="921" y="3111" />
  <Object type="4" x="1010" y="3165" />
  <Object type="2" x="811" y="2931" />
  <Object type="3" x="728" y="2677" />
  <Object type="1" x="895" y="2782" />
  <Object type="2" x="1239" y="2737" />
  <Object type="3" x="1119" y="3296" />
  <Object type="1" x="1017" y="3271" />
  <Object type="2" x="1064" y="3318" />
  <Object type="1" x="1310" y="3425" />
  <Object type="2" x="1270" y="3466" />
  <Object type="3" x="1368" y="3330" />
  <Object type="2" x="860" y="3170" />
  <Object type="3" x="891" y="3241" />
  <Object type="4" x="764" y="3156" />
  <Object type="2" x="791" y="2762" />
  <Object type="1" x="871" y="2782" />
  <Object type="2" x="788" y="2528" />
  <Object type="4" x="1095" y="2592" />
  <Object type="3" x="824" y="2447" />
  <Object type="1" x="925" y="2385" />
  <Object type="2" x="495" y="2170" />
  <Object type="3" x="549" y="2152" />
  <Object type="1" x="1003" y="1858" />
  <Object type="2" x="1170" y="1695" />
  <Object type="3" x="1188" y="1637" />
  <Object type="1" x="1230" y="1589" />
  <Object type="2" x="1197" y="1576" />
  <Object type="3" x="1127" y="1496" />
  <Object type="2" x="1156" y="1536" />
  <Object type="4" x="981" y="1168" />
  <Object type="2" x="936" y="1168" />
  <Object type="2" x="942" y="1207" />
  <Object type="1" x="813" y="1191" />
  <Object type="2" x="956" y="1034" />
  <Object type="2" x="966" y="1110" />
  <Object type="3" x="955" y="1075" />
  <Object type="4" x="933" y="1052" />
  <Object type="3" x="1119" y="1262" />
  <Object type="1" x="1087" y="1316" />
  <Object type="2" x="1290" y="1377" />
  <Object type="3" x="1286" y="1449" />
  <Object type="4" x="1260" y="1417" />
  <Object type="1" x="1373" y="1323" />
  <Object type="2" x="862" y="757" />
  <Object type="1" x="689" y="1252" />
  <Object type="2" x="498" y="1161" />
  <Object type="3" x="411" y="1019" />
  <Object type="4" x="163" y="951" />
  <Object type="1" x="53" y="880" />
  <Object type="2" x="51" y="838" />
  <Object type="3" x="-37" y="860" />
  <Object type="4" x="0" y="821" />
  <Object type="2" x="224" y="853" />
  <Object type="1" x="206" y="792" />
  <Object type="2" x="373" y="954" />
  <Object type="1" x="-203" y="873" />
  <Object type="2" x="-143" y="858" />
  <Object type="3" x="24" y="672" />
  <Object type="4" x="238" y="606" />
  <Object type="2" x="322" y="625" />
  <Object type="3" x="299" y="606" />
  <Object type="1" x="281" y="662" />
  <Object type="2" x="-365" y="783" />
  <Object type="1" x="-454" y="784" />
  <Object type="3" x="-693" y="723" />
  <Object type="1" x="-989" y="660" />
  <Object type="2" x="-1036" y="698" />
  <Object type="3" x="-941" y="703" />
  <Object type="4" x="-1220" y="787" />
  <Object type="3" x="-1222" y="838" />
  <Object type="2" x="-1333" y="882" />
  <Object type="1" x="-1319" y="907" />
  <Object type="2" x="-1271" y="953" />
  <!-- bamboo-->
  <!-- todelete -->
  <Object type="20" x="-1864" y="2371" />
  <Object type="20" x="-1864" y="2371" />
  <Object type="20" x="-1864" y="2371" /> 
  <Object type="20" x="-1864" y="2371" />
  <Object type="20" x="-1864" y="2371" />
  <Object type="20" x="-1864" y="2371" />
  <Object type="20" x="-1864" y="2371" />
  <Object type="20" x="-1864" y="2371" />
  <Object type="20" x="-1864" y="2371" />
  <Object type="20" x="-1864" y="2371" />
  <Object type="20" x="-1864" y="2371" />
  <Object type="20" x="-1864" y="2371" />
</Objects>
