<?xml version="1.0" encoding="UTF-8"?>
<!--
	BAMBOO1,//1
	BAMBOO2,//2
	BAMBOO3,//3
	BAMBOO4,//4
	BANNERA,//5
	BANNERB,//6
	HOUSE,//7
	TOWNHALL,//8
	HOUSE2,//9
	CHARRIOT,//10
	SKELETONS,//11
	SKULL_PILE,//12
	STONES1,//13
	STONES2,//14
	STONES3,//15
	STONES4,//16
	STONES5,//17
	STONES6,//18
	TRASH1,//19
	TRASH2,//20
	TREES1,//21
	TREES2,//22
	TREES3,//23
	TREES4,//24
	TREES5,//25
	TREES6,//26
	TREES7,//27
	TREES8,//28
-->
<Objects>
  <!-- <object type="22" x="100" y="100"/>
  <object type="21" x="230" y="790"/>
  <object type="22" x="2832" y="598"/>
  <object type="23" x="2592" y="718"/>
  <object type="24" x="2784" y="814"/>
  <object type="25" x="2795" y="698"/>
  <object type="26" x="2747" y="722"/>
  <object type="7" x="2799" y="746"/>
  <object type="8" x="2851" y="770"/>
  <object type="9" x="2650" y="815"/>
  <object type="12" x="2698" y="839"/>
  <object type="28" x="2746" y="864"/>
  -->

	<object type="12" x="-680" y="1247"/>
	<object type="13" x="-700" y="1255"/>
	<object type="12" x="-690" y="1300"/>
	<object type="14" x="-650" y="1200"/>

	<object type="30" x="-85" y="0" r="1"/>
	<object type="30" x="-37" y="23.5" r="1"/>
	<object type="30" x="0" y="600" r="2"/>
    <object type="30" x="300" y="600" r="3"/>
	<object type="30" x="700" y="600" r="4"/>
</Objects>
