<?xml version="1.0" encoding="UTF-8"?>
<!--
ASIAN_WALL_H, 0
	ASIAN_WALL_L, 1
	ASIAN_WALL_R, 2
	ASIAN_WALL_T, 3
	ASIAN_WALL_V, 4
	ASIAN_WALL_R_DMG, 6
	ASIAN_WALL_L_DMG, 7
	ASIAN_WALL_T_DMG, 8
	ASIAN_WALL_H_DMG, 9
	ASIAN_WALL_V_DMG, 10
	BAMBOO1, 11
	BAMBOO2, 12
	BAMBOO3, 13
	BAMBOO4, 14
	BANNERA, 15
	BANNERB, 16 
	CHARRIOT, 17
	PALISADE_R, 18
	PALISADE_L, 19
	PALISADE_T, 20 
	PALISADE_H, 21
	PALISADE_V, 22
	SKELETONS_GROUP, 23 
	SKULL_PILE, 24 
	TORCH_FLOOR_SQUARE, 25
	TORCH_FLOOR_TWISTED, 26
	TRASH_LARGE, 27
	TRASH_MEDIUM, 28 
	TRASH_SMALL, 29 
	OBJECT_NONE 30
-->
<Objects>
  <!-- <object type="22" x="100" y="100"/>
  <object type="15" x="230" y="790"/>
  <object type="3" x="2832" y="598"/>
  <object type="3" x="2592" y="718"/>
  <object type="3" x="2784" y="814"/>
  <object type="2" x="2795" y="698"/>
  <object type="2" x="2747" y="722"/>
  <object type="2" x="2799" y="746"/>
  <object type="2" x="2851" y="770"/>
  <object type="1" x="2650" y="815"/>
  <object type="1" x="2698" y="839"/>
  <object type="1" x="2746" y="864"/>
  -->

	<object type="12" x="-680" y="1247"/>
	<object type="13" x="-700" y="1255"/>
	<object type="12" x="-690" y="1300"/>
	<object type="14" x="-650" y="1200"/>

	<object type="12" x="-300" y="1547"/>
	<object type="13" x="-400" y="1555"/>
	<object type="12" x="-350" y="1600"/>
	<object type="14" x="-320" y="1500"/>

	<object type="22" x="25" y="990"/>
	<object type="22" x="600" y="970"/>
	<object type="26" x="-70" y="800"/>
	<object type="27" x="870" y="1050"/>

	<object type="16" x="-170" y="1350"/>
	<object type="28" x="420" y="1270"/>

 	<object type="28" x="-500" y="2000"/>
	<object type="12" x="-500" y="2000"/> 
	<object type="13" x="-545" y="2055"/> 
	<object type="11" x="-580" y="1960"/> 
	<object type="12" x="-512" y="2000"/> 
	<object type="13" x="-535" y="2015"/> 
	<object type="11" x="-562" y="1968"/>
	<object type="12" x="-500" y="2000"/> 
	<object type="13" x="-538" y="2055"/> 
	<object type="11" x="-600" y="1965"/> 
	<object type="12" x="-512" y="2000"/> 
	<object type="13" x="-485" y="2015"/> 
	<object type="11" x="-465" y="1968"/>
	<object type="12" x="-500" y="2000"/> 
	<object type="13" x="-545" y="1855"/> 
	<object type="11" x="-570" y="1960"/> 
	<object type="12" x="-512" y="2010"/> 
	<object type="13" x="-435" y="1915"/> 
	<object type="11" x="-532" y="1968"/>
	<object type="12" x="-500" y="2400"/> 
	<object type="13" x="-538" y="2355"/> 
	<object type="11" x="-600" y="1865"/> 
	<object type="12" x="0" y="2300"/> 
	<object type="13" x="-485" y="2315"/> 
	<object type="11" x="-465" y="2468"/>
	<object type="12" x="-500" y="2300"/> 
	<object type="13" x="105" y="2455"/> 
	<object type="11" x="-200" y="2350"/>
	<object type="13" x="-435" y="1965"/> 
	<object type="11" x="-202" y="1548"/>
	<object type="28" x="-100" y="1500"/>
	<object type="28" x="-1400" y="1965"/>
	<object type="28" x="-1020" y="2315"/>
	<object type="26" x="-1200" y="1865"/> 
	<object type="26" x="-1000" y="1765"/>
	<object type="26" x="-1830" y="1865"/> 
	<object type="26" x="-1840" y="1465"/> 
	<object type="28" x="-2000" y="1500"/> 
	<object type="27" x="-1800" y="1414"/> 
	<object type="28" x="-2160" y="1623"/>
	<object type="12" x="-2500" y="1265"/> 
	<object type="13" x="-2305" y="1455"/> 
	<object type="11" x="-2400" y="1450"/> 
	<object type="13" x="-2335" y="1265"/> 
	<object type="11" x="-2502" y="1448"/>
	<object type="12" x="-1604" y="1265"/> 
	<object type="13" x="-1835" y="1485"/> 
	<object type="11" x="-1970" y="1150"/> 
	<object type="13" x="-2455" y="1265"/> 
	<object type="11" x="-2309" y="1348"/>
</Objects>
