<gui>
    <elements>
        <buttons>
            <button type_name="StartMenuButton" have_animations= "0">
                <sections>
                    <section type = "standBy" x="14" y="481" w = "305" h = "43"/>
                    <section type = "hover" x="14" y="531" w = "305" h = "43"/>
                    <section type = "clicked" x="14" y="581" w = "305" h = "43"/>
                </sections>
            </button>           
			      <button type_name="PlusButton" have_animations= "0">
                <sections>
                    <section type = "standBy" x="629" y="481" w = "18" h = "18"/>
                    <section type = "hover" x="608" y="481" w = "18" h = "18"/>
                    <section type = "clicked" x="587" y="481" w = "18" h = "18"/>
                </sections>
            </button>
	        <button type_name="MinusButton" have_animations= "0">
                <sections>
                    <section type = "standBy" x="629" y="504" w = "17" h = "7"/>
                    <section type = "hover" x="609" y="504" w = "17" h = "7"/>
                    <section type = "clicked" x="588" y="504" w = "17" h = "7"/>
                </sections>
            </button>
             <button type_name="MenuButton" have_animations= "0">
                <sections>
                    <section type = "standBy" x="294" y="631" w = "111" h = "82"/>
                    <section type = "hover" x="412"  y="631" w = "111" h = "82"/>
                    <section type = "clicked" x="540"  y="631" w = "111" h = "82"/>
                </sections>
            </button>
    		<button type_name="SaveButton" have_animations= "0">
                <sections>
                    <section type = "standBy" x="345" y="480" w = "67" h = "39"/>
                    <section type = "hover" x="417"  y="481" w = "67" h = "45"/>
                    <section type = "clicked" x="486"  y="480" w = "67" h = "39"/>
                </sections>
            </button>
        </buttons>
		<imgs>
 			<img type_name="StartMenuTittle" have_animations= "0">
                    <section type = "standBy" x="14" y="12" w = "643" h = "452"/>
            </img>

 			<img type_name="MenuWindow" have_animations= "0">
                    <section type = "standBy" x="669" y="12" w = "457" h = "577"/>
            </img>

 			<img type_name="MinimapBar" have_animations= "0">
                    <section type = "standBy" x="1128" y="12" w = "449" h = "354"/>
            </img>
			
			<img type_name="ResourceBar" have_animations= "0">
                    <section type = "standBy" x="14" y="906" w = "1312" h = "46"/>
            </img>
            
            <img type_name="UseBar" have_animations= "0">
                    <section type = "standBy" x="13" y="719" w = "959" h = "179"/>
            </img>
            
            <img type_name="SaveBar" have_animations= "0">
                    <section type = "standBy" x="680" y="656" w = "384" h = "45"/>
            </img>

            <img type_name="ResourceWindow" have_animations= "0">
                    <section type = "standBy" x="1249" y="391" w = "328" h = "391"/>
            </img>
            <img type_name="Wood" have_animations= "0">
                    <section type = "standBy" x="669" y="595" w = "54" h = "52"/>
            </img>

            <img type_name="Food" have_animations= "0">
                    <section type = "standBy" x="724" y="594" w = "56" h = "53"/>
            </img>

            <img type_name="Gold" have_animations= "0">
                    <section type = "standBy" x="783" y="594" w = "55" h = "51"/>
            </img>

            <img type_name="Rock" have_animations= "0">
                    <section type = "standBy" x="840" y="594" w = "46" h = "47"/>
            </img>

 		    <img type_name="PopulationLimit" have_animations= "0">
                    <section type = "standBy" x="929" y="596" w = "54" h = "40"/>
            </img>

        </imgs>
        <labels>
            <label name="SinglePlayer">
                Single Player
            </label>

            <label name="Load">
                Load Game
            </label>

            <label name="Options">
                Options
            </label>
            
            <label name="History">
                History
            </label>
            
            <label name="Exit">
                Exit
            </label>

        </labels>
    </elements>
    <layout>
        <button type="StartMenuButton" name="btn1">
            <position x = "245" y = "620"/>
            <scale x= "1" y = "1"/>
        </button>
        <button type="StartMenuButton" name="btn2">
            <position x = "245" y = "680"/>
            <scale x= "1" y = "1"/>
        </button>
            <button type="StartMenuButton" name="btn3">
            <position x = "245" y = "740"/>
            <scale x= "1" y = "1"/>
        </button>
            <button type="StartMenuButton" name="btn4">
            <position x = "245" y = "800"/>
            <scale x= "1" y = "1"/>
        </button>
        <button type="StartMenuButton" name="btn5">
            <position x = "245" y = "860"/>
            <scale x= "1" y = "1"/>
        </button>
        <img type="StartMenuTittle" name="tittle1">
            <position x = "245" y = "920"/>
            <scale x= "1" y = "1"/>  
        </img>
    </layout>
</gui>