<?xml version="1.0"?>
<gui>
	<elements>
		<imgs>
			<img type_name="title" have_animations="0">
				<section type="standBy" x="14" y="12" w="643" h="452" />
			</img>
			<img type_name="MenuWindow" have_animations="0">
				<section type="standBy" x="669" y="12" w="457" h="577" />
			</img>
			<img type_name="MinimapBar" have_animations="0">
				<section type="standBy" x="1128" y="12" w="449" h="354" />
			</img>
			<img type_name="ResourceBar" have_animations="0">
				<section type="standBy" x="15" y="905" w="1057" h="49" />
			</img>
			<img type_name="UseBar" have_animations="0">
				<section type="standBy" x="13" y="714" w="959" h="184" />
			</img>
			<img type_name="SaveBar" have_animations="0">
				<section type="standBy" x="680" y="656" w="384" h="45" />
			</img>
			<img type_name="ResourceWindow" have_animations="0">
				<section type="standBy" x="1151 " y="436" w="457" h="541" />
			</img>
			<img type_name="Wood" have_animations="0">
				<section type="standBy" x="669" y="595" w="54" h="52" />
			</img>
			<img type_name="Food" have_animations="0">
				<section type="standBy" x="724" y="594" w="56" h="53" />
			</img>
			<img type_name="Gold" have_animations="0">
				<section type="standBy" x="783" y="594" w="55" h="51" />
			</img>
			<img type_name="PopulationLimit" have_animations="0">
				<section type="standBy" x="929" y="596" w="54" h="40" />
			</img>
			<img type_name="VillagersLimit" have_animations="0">
				<section type="standBy" x="1002" y="595" w="39" h="39" />
			</img>
      
	      	<img type_name="Filter1" have_animations="0">
	        	<section type="standBy" x="138" y="637" w="39" h="31" />
	      	</img>
	      	<img type_name="Filter2" have_animations="0">
	        	<section type="standBy" x="186" y="637" w="39" h="31" />
	      	</img>
	      	<img type_name="Filter3" have_animations="0">
	        	<section type="standBy" x="237" y="637" w="39" h="31" />
	      	</img>
	      	<img type_name="Filter4" have_animations="0">
	        	<section type="standBy" x="186" y="678" w="39" h="31" />
	      	</img>
	      	<img type_name="Filter5" have_animations="0">
	       	 	<section type="standBy" x="237" y="678" w="39" h="31" />
	      	</img>
    	</imgs>
		<buttons>
			<button type_name="button1" have_animations="0">
				<sections>
					<section type="standBy" x="14" y="481" w="305" h="43" />
					<section type="hover" x="14" y="531" w="305" h="43" />
					<section type="clicked" x="14" y="581" w="305" h="43" />
				</sections>
			</button>
			<button type_name="buttonPlay" have_animations="0">
				<sections>
					<section type="standBy" x="1670" y="67" w="417" h="122" />
					<section type="hover" x="1670" y="238" w="417" h="122" />
					<section type="clicked" x="1670" y="413" w="417" h="122" />
				</sections>
			</button>
			<button type_name="buttonQuit" have_animations="0">
				<sections>
					<section type="standBy" x="1670" y="577" w="417" h="122" />
					<section type="hover" x="1670" y="733" w="417" h="122" />
					<section type="clicked" x="1670" y="907" w="417" h="122" />
				</sections>
			</button>
      <button type_name="buttonEasy" have_animations="0">
        <sections>
          <section type="standBy" x="2135" y="48" w="417" h="122" />
          <section type="hover" x="2135" y="230" w="417" h="122" />
          <section type="clicked" x="2135" y="397" w="417" h="122" />
        </sections>
      </button>
      <button type_name="buttonHard" have_animations="0">
        <sections>
          <section type="standBy" x="2135" y="581" w="417" h="122" />
          <section type="hover" x="2135" y="739" w="417" h="122" />
          <section type="clicked" x="2135" y="910" w="417" h="122" />
        </sections>
      </button>
			<button type_name="button" have_animations="0">
				<sections>
					<section type="standBy" x="20" y="481" w="205" h="43" />
					<section type="hover" x="20" y="531" w="205" h="43" />
					<section type="clicked" x="20" y="581" w="205" h="43" />
				</sections>
			</button>
			<button type_name="MenuButton" have_animations="0">
				<sections>
					<section type="standBy" x="294" y="631" w="111" h="82" />
					<section type="hover" x="412" y="631" w="111" h="82" />
					<section type="clicked" x="540" y="631" w="111" h="82" />
				</sections>
			</button>
			<button type_name="SaveButton" have_animations="0">
				<sections>
					<section type="standBy" x="345" y="480" w="67" h="39" />
					<section type="hover" x="417" y="481" w="67" h="45" />
					<section type="clicked" x="486" y="480" w="67" h="39" />
				</sections>
			</button>
			<button type_name="OptionsButton" have_animations="0">
				<sections>
					<section type="standBy" x="336" y="531" w="98" h="83" />
					<section type="hover" x="443" y="531" w="98" h="83" />
					<section type="clicked" x="553" y="530" w="98" h="83" />
				</sections>
			</button>
			<button type_name="PlusButton" have_animations="0">
				<sections>
					<section type="standBy" x="629" y="481" w="18" h="18" />
					<section type="hover" x="608" y="481" w="18" h="18" />
					<section type="clicked" x="587" y="481" w="18" h="18" />
				</sections>
			</button>
			<button type_name="MinusButton" have_animations="0">
				<sections>
					<section type="standBy" x="629" y="504" w="17" h="7" />
					<section type="hover" x="609" y="504" w="17" h="7" />
					<section type="clicked" x="588" y="504" w="17" h="7" />
				</sections>
			</button>
			<button type_name="VillagerCreatorButton" have_animations="0">
				<sections>
					<section type="standBy" x="26" y="969" w="40" h="40" />
          <section type="hover" x="26" y="969" w="40" h="40" />
					<section type="clicked" x="75" y="969" w="40" h="40" />
				</sections>
			</button>
			<button type_name="ArcherCreatorButton" have_animations="0">
				<sections>
					<section type="standBy" x="220" y="969" w="40" h="40" />
					<section type="hover" x="220" y="969" w="40" h="40" />
					<section type="clicked" x="269" y="969" w="40" h="40" />
				</sections>
			</button>
			<button type_name="RepairButton" have_animations="0">
				<sections>
					<section type="standBy" x="124" y="969" w="40" h="40" />
					<section type="clicked" x="173" y="969" w="40" h="40" />
				</sections>
			</button>
			<button type_name="SamuraiCreatorButton" have_animations="0">
				<sections>
					<section type="standBy" x="220" y="1018" w="40" h="40" />
					<section type="hover" x="220" y="1018" w="40" h="40" />
					<section type="clicked" x="269" y="1018" w="40" h="40" />
				</sections>
			</button>
			<button type_name="StableButton" have_animations="0">
				<sections>
					<section type="standBy" x="317" y="969" w="40" h="40" />
					<section type="clicked" x="366" y="969" w="40" h="40" />
				</sections>
			</button>
			<button type_name="GoOutButton" have_animations="0">
				<sections>
					<section type="standBy" x="419" y="969" w="40" h="40" />
					<section type="clicked" x="468" y="969" w="40" h="40" />
				</sections>
			</button>
			<button type_name="ChurchButton" have_animations="0">
				<sections>
					<section type="standBy" x="516" y="969" w="40" h="40" />
					<section type="clicked" x="565" y="969" w="40" h="40" />
				</sections>
			</button>
			<button type_name="BellButton" have_animations="0">
				<sections>
					<section type="standBy" x="26" y="1018" w="40" h="40" />
					<section type="clicked" x="75" y="1018" w="40" h="40" />
				</sections>
			</button>
			<button type_name="TarkanCreatorButton" have_animations="0">
				<sections>
					<section type="standBy" x="124" y="1018" w="40" h="40" />
					<section type="hover" x="124" y="1018" w="40" h="40" />
					<section type="clicked" x="172" y="1018" w="40" h="40" />
				</sections>
			</button>
			<button type_name="MonkCreatorButton" have_animations="0">
				<sections>
					<section type="standBy" x="317" y="1018" w="40" h="40" />
					<section type="clicked" x="366" y="1018" w="40" h="40" />
				</sections>
			</button>
			<button type_name="BarrackButton" have_animations="0">
				<sections>
					<section type="standBy" x="419" y="1018" w="40" h="40" />
					<section type="clicked" x="468" y="1018" w="40" h="40" />
				</sections>
			</button>
			<button type_name="ArcheryButton" have_animations="0">
				<sections>
					<section type="standBy" x="516" y="1018" w="40" h="40" />
					<section type="clicked" x="565" y="1018" w="40" h="40" />
				</sections>
			</button>
		</buttons>
	</elements>
	<layout>
    <!-- filter -->
    <img type="Filter5" name="Filteringame" interactive="false" canFocus="false" visible="true">
      <scenes>
        <scene name="inGame" />
      </scenes>
      <position x="0" y="0" />
      <size w="1920" h="1080" />
    </img>
    
  <!--SCOREEEEEEEEEEEEEEEEEEEEEEEEEEEEEEEEEEEEEEEEEEEEEEEEEEEE-->
  <!--SCOREEEEEEEEEEEEEEEEEEEEEEEEEEEEEEEEEEEEEEEEEEEEEEEEEEEE-->
		<button type="buttonQuit" name="exitScore" text="" interactive="true" canFocus="true" visible="true">
		  	<events>
		    	<event action="32768" origin="16" />
		  	</events>
		  	<listeners>
       		 	<listener name="score" />
		  	</listeners>
			<scenes>
				<scene name="score" />
			</scenes>
			<position x="1300" y="200" />
			<textColor r="255" g="255" b="255" a="255" />
			<size w="434" h="126" />
		</button>

	<button type="buttonPlay" name="GoMenu" text="" interactive="true" canFocus="true" visible="true">
      <events>
        <event action="65536" origin="16"/> <!--modulo-->
      </events>
			<listeners>
				<listener name="score" /><!--modulo-->
      </listeners>
			<scenes>
				<scene name="score" /> 
			</scenes>
			<position x="100" y="200" />
			<textColor r="0" g="0" b="0" a="0" />
			<size w="420" h="126" />
		</button>


    <label size="1" name="Total_Score" text="TOTAL SCORE:" interactive="false" canFocus="true" visible="true">
      <scenes>
        <scene name="score" />
      </scenes>
      <color r="255" g="255" b="255" a="255" />
      <position x="50" y="400" />
    </label>
    <label size="1" name="Total_Score_n" text="0000" interactive="false" canFocus="true" visible="true">
      <scenes>
        <scene name="score" />
      </scenes>
      <color r="255" g="255" b="255" a="255" />
      <position x="250" y="400" />
    </label>

  

  <label size="1" name="Total_Time" text="TOTAL TIME:" interactive="false" canFocus="true" visible="true">
      <scenes>
        <scene name="score" />
      </scenes>
      <color r="255" g="255" b="255" a="255" />
      <position x="50" y="450" />
    </label>

  <label size="1" name="Total_Time_n" text="00000000000" interactive="false" canFocus="true" visible="true">
      <scenes>
        <scene name="score" />
      </scenes>
      <color r="255" g="255" b="255" a="255" />
      <position x="250" y="450" />
    </label>


  <label size="1" name="Total_Kills" text="TOTAL UNITS KILLED:" interactive="false" canFocus="true" visible="true">
      <scenes>
        <scene name="score" />
      </scenes>
      <color r="255" g="255" b="255" a="255" />
      <position x="50" y="500" />
    </label>
    <label size="1" name="Total_Kills_n" text="0000" interactive="false" canFocus="true" visible="true">
      <scenes>
        <scene name="score" />
      </scenes>
      <color r="255" g="255" b="255" a="255" />
      <position x="325" y="500" />
    </label>


 <label size="2" name="Total_Viles_killed" text="VILES KILLED:" interactive="false" canFocus="true" visible="true">
      <scenes>
        <scene name="score" />
      </scenes>
      <color r="255" g="255" b="255" a="255" />
      <position x="75" y="535" />
    </label>
    <label size="2" name="Total_Viles_killed_n" text="0000" interactive="false" canFocus="true" visible="true">
      <scenes>
        <scene name="score" />
      </scenes>
      <color r="255" g="255" b="255" a="255" />
      <position x="250" y="535" />
    </label>

 <label size="2" name="Total_Witchs_killed" text="WITCHES KILLED:" interactive="false" canFocus="true" visible="true">
      <scenes>
        <scene name="score" />
      </scenes>
      <color r="255" g="255" b="255" a="255" />
      <position x="75" y="570" />
    </label>
    <label size="2" name="Total_Witchs_killed_n" text="0000" interactive="false" canFocus="true" visible="true">
      <scenes>
        <scene name="score" />
      </scenes>
           <color r="255" g="255" b="255" a="255" />
      <position x="250" y="570" />
    </label>

  <label size="1" name="Total_Resources" text="TOTAL RESOURCES:" interactive="false" canFocus="true" visible="true">
      <scenes>
        <scene name="score" />
      </scenes>
      <color r="255" g="255" b="255" a="255" />
      <position x="50" y="600" />
    </label>
    <label size="1" name="Total_KillsTotal_Resources_n" text="0000" interactive="false" canFocus="true" visible="true">
      <scenes>
        <scene name="score" />
      </scenes>
      <color r="255" g="255" b="255" a="255" />
      <position x="325" y="600" />
    </label>

<label size="2" name="Total_Gold" text="GOLD:" interactive="false" canFocus="true" visible="true">
      <scenes>
        <scene name="score" />
      </scenes>
      <color r="255" g="255" b="255" a="255" />
      <position x="75" y="635" />
    </label>
    <label size="2" name="Total_Gold_n" text="0000" interactive="false" canFocus="true" visible="true">
      <scenes>
        <scene name="score" />
      </scenes>
      <color r="255" g="255" b="255" a="255" />
      <position x="150" y="635" />
    </label>

<label size="2" name="Total_Wood" text="WOOD:" interactive="false" canFocus="true" visible="true">
      <scenes>
        <scene name="score" />
      </scenes>
      <color r="255" g="255" b="255" a="255" />
      <position x="75" y="670" />
    </label>
    <label size="2" name="Total_Wood_n" text="0000" interactive="false" canFocus="true" visible="true">
      <scenes>
        <scene name="score" />
      </scenes>
      <color r="255" g="255" b="255" a="255" />
      <position x="150" y="670" />
    </label>

<label size="2" name="Total_Food" text="FOOD:" interactive="false" canFocus="true" visible="true">
      <scenes>
        <scene name="score" />
      </scenes>
      <color r="255" g="255" b="255" a="255" />
      <position x="75" y="705" />
    </label>
    <label size="2" name="Total_Food_n" text="0000" interactive="false" canFocus="true" visible="true">
      <scenes>
        <scene name="score" />
      </scenes>
      <color r="255" g="255" b="255" a="255" />
      <position x="150" y="705" />
    </label>

 <label size="1" name="Total_Units" text="TOTAL UNITS CREATED:" interactive="false" canFocus="true" visible="true">
      <scenes>
        <scene name="score" />
      </scenes>
      <color r="255" g="255" b="255" a="255" />
      <position x="50" y="750" />
    </label>
    <label size="1" name="Total_Units_n" text="0000" interactive="false" canFocus="true" visible="true">
      <scenes>
        <scene name="score" />
      </scenes>
        <color r="255" g="255" b="255" a="255" />
      <position x="350" y="750" />
    </label>

 <label size="1" name="Total_Units_Alive" text="TOTAL UNITS ALIVE:" interactive="false" canFocus="true" visible="true">
      <scenes>
        <scene name="score" />
      </scenes>
      <color r="255" g="255" b="255" a="255" />
      <position x="50" y="800" />
    </label>
    <label size="1" name="Total_Units_Alive_n" text="0000" interactive="false" canFocus="true" visible="true">
      <scenes>
        <scene name="score" />
      </scenes>
        <color r="255" g="255" b="255" a="255" />
      <position x="350" y="800" />
    </label>

<label size="2" name="Total_Samurais_Alive" text="SAMURAI:" interactive="false" canFocus="true" visible="true">
      <scenes>
        <scene name="score" />
      </scenes>
      <color r="255" g="255" b="255" a="255" />
      <position x="75" y="835" />
    </label>
    <label size="2" name="Total_Samurais_Alive_n" text="0000" interactive="false" canFocus="true" visible="true">
      <scenes>
        <scene name="score" />
      </scenes>
      <color r="255" g="255" b="255" a="255" />
      <position x="175" y="835" />
    </label>

<label size="2" name="Total_Tarkan_Alive" text="TARKAN:" interactive="false" canFocus="true" visible="true">
      <scenes>
        <scene name="score" />
      </scenes>
      <color r="255" g="255" b="255" a="255" />
      <position x="75" y="870" />
    </label>
    <label size="2" name="Total_Tarkan_Alive_n" text="0000" interactive="false" canFocus="true" visible="true">
      <scenes>
        <scene name="score" />
      </scenes>
      <color r="255" g="255" b="255" a="255" />
      <position x="175" y="870" />
    </label>

<label size="2" name="Total_Archer_Alive" text="ARCHER:" interactive="false" canFocus="true" visible="true">
      <scenes>
        <scene name="score" />
      </scenes>
      <color r="255" g="255" b="255" a="255" />
      <position x="75" y="905" />
    </label>
    <label size="2" name="Total_Archer_Alive_n" text="0000" interactive="false" canFocus="true" visible="true">
      <scenes>
        <scene name="score" />
      </scenes>
      <color r="255" g="255" b="255" a="255" />
      <position x="175" y="905" />
    </label>




















  <!--SCOREEEEEEEEEEEEEEEEEEEEEEEEEEEEEEEEEEEEEEEEEEEEEEEEEEEE-->
  <!--SCOREEEEEEEEEEEEEEEEEEEEEEEEEEEEEEEEEEEEEEEEEEEEEEEEEEEE-->
    
    <!--MENUUUUUUuuuuuuuuuuuuuuuuuuuuuuuuuuuUUUUUUUU-->
      <!--MENUUUUUUuuuuuuuuuuuuuuuuuuuuuuuuuuuUUUUUUUU-->
        <!--MENUUUUUUuuuuuuuuuuuuuuuuuuuuuuuuuuuUUUUUUUU-->
    <button type="buttonPlay" name="start" text="" interactive="true" canFocus="true" visible="true">
      <events>
        <event action="65536" origin="16"/> <!--modulo-->
      </events>
			<listeners>
				<listener name="menu" /><!--modulo-->
      </listeners>
			<scenes>
				<scene name="menu" /> 
			</scenes>
			<position x="751" y="800" />
			<textColor r="0" g="0" b="0" a="0" />
			<size w="417" h="122" />
		</button>
		<button type="buttonQuit" name="exit" text="" interactive="true" canFocus="true" visible="true">
		  <events>
		    <event action="32768" origin="16" />
		  </events>
		  <listeners>
        <listener name="menu" />
		  </listeners>
			<scenes>
				<scene name="menu" />
			</scenes>
			<position x="700" y="922" />
			<textColor r="255" g="255" b="255" a="255" />
			<size w="417" h="122" />
		</button>

    <button type="buttonEasy" name="easyMode" text="" interactive="true" canFocus="true" visible="true">
      <events>
        <event action="134217728" origin="16"/>
      </events>
      <listeners>
        <listener name="menu" />
        <!--modulo-->
      </listeners>
      <scenes>
        <!--<scene name="menu" />-->
      </scenes>
      <position x="321" y="805" />
      <textColor r="0" g="0" b="0" a="0" />
      <size w="417" h="122" />
    </button>
    <button type="buttonHard" name="hardMode" text="" interactive="true" canFocus="true" visible="true">
      <events>
        <event action="268435456" origin="16"/>
      </events>
      <listeners>
        <listener name="menu" />
        <!--modulo-->
      </listeners>
      <scenes>
        <!--<scene name="menu" />-->
      </scenes>
      <position x="1181" y="805" />
      <textColor r="0" g="0" b="0" a="0" />
      <size w="417" h="122" />
    </button> 
    	 <!--MENUUUUUUuuuuuuuuuuuuuuuuuuuuuuuuuuuUUUUUUUU-->
  	<!--MENUUUUUUuuuuuuuuuuuuuuuuuuuuuuuuuuuUUUUUUUU-->
       <!--MENUUUuuuuuuuuuuuuuuuuuuuuuuuUUUUUUUUUUU-->
		<img type="UseBar" name="UseBar" interactive="true" canFocus="true" visible="true">
			<scenes>
				<scene name="inGame" />
			</scenes>
			<position x="0" y="896" />
			<size w="959" h="184" />
		</img>
		<img type="MenuWindow" name="MenuWindow" interactive="true" canFocus="true" visible="true">
			<scenes>
				<scene name="inGame" />
			</scenes>
			<position x="696" y="198" />
			<size w="444" h="576" />
		</img>
		<img type="MinimapBar" name="MinimapBar" interactive="true" canFocus="true" visible="true">
			<scenes>
				<scene name="inGame" />
			</scenes>
			<position x="1476" y="729" />
			<size w="444" h="351" />
		</img>
		<img type="SaveBar" name="SaveBar" interactive="true" canFocus="true" visible="true">
			<scenes>
				<scene name="inGame" />
			</scenes>
			<position x="1524" y="0" />
			<size w="372" h="45" />
		</img>
		<img type="ResourceBar" name="ResourceBar" interactive="true" canFocus="true" visible="true">
			<scenes>
				<scene name="inGame" />
			</scenes>
			<position x="0" y="0" />
			<size w="1057" h="45" />
		</img>
		<button type="MenuButton" name="MenuButton" text="" interactive="true" canFocus="true" visible="true">
		  <events>
		    <event action="67108864" origin="16" />
		  </events>
		  <listeners>
		    <event name="inGame" />
		  </listeners>
			<scenes>
				<scene name="inGame" />
			</scenes>
			<position x="1812" y="0" />
			<textColor r="0" g="0" b="0" a="0" />
			<size w="108" h="81" />
		</button>
		<button type="SaveButton" name="SaveButton" text="" interactive="true" canFocus="true" visible="true">
			<events />
			<listeners />
			<scenes>
				<scene name="inGame" />
			</scenes>
			<position x="1764" y="0" />
			<textColor r="0" g="0" b="0" a="0" />
			<size w="60" h="36" />
		</button>
		<button type="SaveButton" name="LoadButton" text="" interactive="true" canFocus="true" visible="true">
			<events />
			<listeners />
			<scenes>
				<scene name="inGame" />
			</scenes>
			<position x="1704" y="0" />
			<textColor r="0" g="0" b="0" a="0" />
			<size w="60" h="36" />
		</button>
		<img type="Wood" name="Wood" interactive="true" canFocus="true" visible="true">
			<scenes>
				<scene name="inGame" />
			</scenes>
			<position x="125" y="0" />
			<size w="48" h="45" />
		</img>
		<img type="Food" name="Food" interactive="true" canFocus="true" visible="true">
			<scenes>
				<scene name="inGame" />
			</scenes>
			<position x="300" y="0" />
			<size w="48" h="45" />
		</img>
		<img type="Gold" name="Gold" interactive="true" canFocus="true" visible="true">
			<scenes>
				<scene name="inGame" />
			</scenes>
			<position x="475" y="0" />
			<size w="48" h="45" />
		</img>
    <img type="PopulationLimit" name="PopulationLimit" interactive="true" canFocus="true" visible="true">
			<scenes>
				<scene name="inGame" />
			</scenes>
			<position x="825" y="0" />
			<size w="48" h="36" />
		</img>
    <img type="VillagersLimit" name="VillagersLimit" interactive="true" canFocus="true" visible="true">
			<scenes>
				<scene name="inGame" />
			</scenes>
			<position x="650" y="0" />
			<size w="36" h="36" />
	</img>
		
    
    <!--  ........................................Resources numbers......................................  -->
    <!--  ............................................................................................  -->
		
    <label size="2" name="label_gold" text="0000" interactive="true" canFocus="true" visible="true">
			<scenes>
				<scene name="inGame" />
			</scenes>
      <color r="210" g="115" b="63" a="255" />
			<position x="525" y="0" />
		</label>
    
    <label size="2" name="label_food" text="0000" interactive="true" canFocus="true" visible="true">
      <scenes>
        <scene name="inGame" />
      </scenes>
      <color r="210" g="115" b="63" a="255" />
      <position x="350" y="0" />
    </label>
    
    <label size="2" name="label_wood" text="0000" interactive="true" canFocus="true" visible="true">
      <scenes>
        <scene name="inGame" />
      </scenes>
      <color r="210" g="115" b="63" a="255" />
      <position x="175" y="0" />
    </label>

    <label size="2" name="label_MaxPopulation" text="/100" interactive="true" canFocus="true" visible="true">
      <scenes>
        <scene name="inGame" />
      </scenes>
      <color r="210" g="115" b="63" a="255" />
      <position x="925" y="0" />
    </label>
    
    <label size="2" name="label_MaxPopulation_n" text="000" interactive="true" canFocus="true" visible="true">
      <scenes>
        <scene name="inGame" />
      </scenes>
       <color r="210" g="115" b="63" a="255" />
       <position x="885" y="0" />
     </label>
    
    <label size="2" name="label_MaxVillager" text="/20" interactive="true" canFocus="true" visible="true">
       <scenes>
         <scene name="inGame" />
       </scenes>
       <color r="210" g="115" b="63" a="255" />
      <position x="750" y="0" />
    </label>
    
    <label size="2" name="label_MaxVillager_n" text="00" interactive="true" canFocus="true" visible="true">
      <scenes>
        <scene name="inGame" />
      </scenes>
         <color r="210" g="115" b="63" a="255" />
      <position x="710" y="0" />
    </label>
    <!--  ............................................................................................  -->
    <!--  .....................................Resources window...................................  -->
    <img type="ResourceWindow" name="ResourceWindow" interactive="true" canFocus="true" visible="true">
      <scenes>
        <scene name="inGame" />
      </scenes>
      <position x="1540" y="72" />
      <size w="457" h="541" />
    </img>
    <!---->
    <label size="2" name="label_ResourceWindow_TotalVillager" text="Total Villagers:      /20" interactive="true" canFocus="true" visible="true">
      <scenes>
        <scene name="inGame" />
      </scenes>
      <color r="210" g="115" b="63" a="255" />
      <position x="1600" y="150" />
    </label>

    <label size="2" name="label_ResourceWindow_TotalVillager_n" text="0" interactive="true" canFocus="true" visible="true">
      <scenes>
        <scene name="inGame" />
      </scenes>
      <color r="210" g="115" b="63" a="255" />
      <position x="1775" y="150" />
    </label>
    <!---->
    <label size="2" name="label_ResourceWindow_UnployedVillager" text="Unployed Villagers:" interactive="true" canFocus="true" visible="true">
      <scenes>
        <scene name="inGame" />
      </scenes>
      <color r="210" g="115" b="63" a="255" />
      <position x="1600" y="200" />
    </label>

    <label size="2" name="label_ResourceWindow_UnployedVillager_n" text="0" interactive="true" canFocus="true" visible="true">
      <scenes>
        <scene name="inGame" />
      </scenes>
      <color r="210" g="115" b="63" a="255" />
      <position x="1825" y="200" />
    </label>

    <!-- Miners -->
    <label size="2" name="label_ResourceWindow_Miners" text="Miners:" interactive="true" canFocus="true" visible="true">
      <scenes>
        <scene name="inGame" />
      </scenes>
      <color r="210" g="115" b="63" a="255" />
      <position x="1600" y="250" />
    </label>

    <label size="2" name="label_ResourceWindow_Miners_n" text="0" interactive="true" canFocus="true" visible="true">
      <scenes>
        <scene name="inGame" />
      </scenes>
      <color r="210" g="115" b="63" a="255" />
      <position x="1815" y="250" />
    </label>

    <button type="PlusButton" name="label_ResourceWindow_Miners_plus" text="" interactive="true" canFocus="true" visible="true">
      <events>
        <event action="131072" origin="16"/>
       </events>
      <listeners>
        <listener name="resources" />
      </listeners>
      <scenes>
        <scene name="inGame" />
      </scenes>
      <position x="1850" y="250" />
      <textColor r="0" g="0" b="0" a="0" />
      <size w="36" h="36" />
    </button>
    <button type="MinusButton" name="label_ResourceWindow_Miners_minus" text="" interactive="true" canFocus="true" visible="true">
      <events>
        <event action="2097152" origin="16"/>
      </events>
      <listeners>
        <listener name="resources" />
      </listeners>
      <scenes>
        <scene name="inGame" />
      </scenes>
      <position x="1760" y="260" />
      <textColor r="0" g="0" b="0" a="0" />
      <size w="36" h="14" />
    </button>
    <!-- Miners -->
    <!-- Farmers -->
    <label size="2" name="label_ResourceWindow_Farmers" text="Farmers:" interactive="false" canFocus="true" visible="true">
      <scenes>
        <scene name="inGame" />
      </scenes>
      <color r="210" g="115" b="63" a="255" />
      <position x="1600" y="300" />
    </label>
    <label size="2" name="label_ResourceWindow_Farmers_n" text="0" interactive="false" canFocus="true" visible="true">
      <scenes>
        <scene name="inGame" />
      </scenes>
      <color r="210" g="115" b="63" a="255" />
      <position x="1815" y="300" />
    </label>

    <button type="PlusButton" name="label_ResourceWindow_Farmers_plus" text="" interactive="true" canFocus="true" visible="true">
      <events>
        <event action="1048576" origin="16"/>
      </events>
      <listeners>
        <listener name="resources" />
      </listeners>
      <scenes>
        <scene name="inGame" />
      </scenes>
      <position x="1850" y="300" />
      <textColor r="0" g="0" b="0" a="0" />
      <size w="36" h="36" />
    </button>
    <button type="MinusButton" name="label_ResourceWindow_Farmers_minus" text="" interactive="true" canFocus="true" visible="true">
      <events>
        <event action="16777216" origin="16"/>
      </events>
      <listeners>
        <listener name="resources" />
      </listeners>
      <scenes>
        <scene name="inGame" />
      </scenes>
      <position x="1760" y="310" />
      <textColor r="0" g="0" b="0" a="0" />
      <size w="36" h="14" />
    </button>
    <!-- Farmers -->
    <!-- Lumberjacks -->
    <label size="2" name="label_ResourceWindow_Lumberjacks" text="Lumberjacks:" interactive="false" canFocus="true" visible="true">
      <scenes>
        <scene name="inGame" />
      </scenes>
      <color r="0" g="0" b="255" a="255" />
      <position x="1600" y="350" />
    </label>
    <label size="2" name="label_ResourceWindow_Lumberjacks_n" text="0" interactive="false" canFocus="true" visible="true">
      <scenes>
        <scene name="inGame" />
      </scenes>
      <color r="0" g="0" b="255" a="255" />
      <position x="1815" y="350" />
    </label>

    <button type="PlusButton" name="label_ResourceWindow_Lumberjacks_plus" text="" interactive="true" canFocus="true" visible="true">
      <events>
        <event action="524288" origin="16"/>
      </events>
      <listeners>
        <listener name="resources" />
      </listeners>
      <scenes>
        <scene name="inGame" />
      </scenes>
      <position x="1850" y="350" />
      <textColor r="0" g="0" b="0" a="0" />
      <size w="36" h="36" />
    </button>
    <button type="MinusButton" name="label_ResourceWindow_Lumberjacks_minus" text="" interactive="true" canFocus="true" visible="true">
      <events>
        <event action="8388608" origin="16"/>
      </events>
      <listeners>
        <listener name="resources" />
      </listeners>
      <scenes>
        <scene name="inGame" />
      </scenes>
      <position x="1760" y="360" />
      <textColor r="0" g="0" b="0" a="0" />
      <size w="36" h="14" />
    </button>
    <!-- Lumberjacks -->
    <!-- Repairmen -->
    <label size="2" name="label_ResourceWindow_Repairmen" text="Repairmen:" interactive="false" canFocus="true" visible="true">
      <scenes>                                                  
        <scene name="inGame" />
      </scenes>
      <color r="0" g="0" b="255" a="255" />
      <position x="1600" y="400" />
    </label>
    <label size="2" name="label_ResourceWindow_Repairmen_n" text="0" interactive="false" canFocus="true" visible="true">
      <scenes>
        <scene name="inGame" />
      </scenes>
      <color r="0" g="0" b="255" a="255" />
      <position x="1815" y="400" />
    </label>

    <button type="PlusButton" name="label_ResourceWindow_Repairmen_plus" text="" interactive="true" canFocus="true" visible="true">
      <events>
        <event action="262144" origin="16"/>
      </events>
      <listeners>
        <listener name="resources" />
      </listeners>
      <scenes>
        <scene name="inGame" />
      </scenes>
      <position x="1850" y="400" />
      <textColor r="0" g="0" b="0" a="0" />
      <size w="36" h="36" />
    </button>
    <button type="MinusButton" name="label_ResourceWindow_Repairmen_minus" text="" interactive="true" canFocus="true" visible="true">
      <events>
        <event action="4194304" origin="16"/>
      </events>
      <listeners>
        <listener name="resources" />
      </listeners>
      <scenes>
        <scene name="inGame" />
      </scenes>
      <position x="1760" y="410" />
      <textColor r="0" g="0" b="0" a="0" />
      <size w="36" h="14" />
    </button>
    <!-- Repairmen -->


    <!--  ............................................................................................  -->
    <!--  .........................................MISION STATUS...................................................  -->

    <label size="1" name="label_Wave_status" text="MISSION STATUS" interactive="false" canFocus="true" visible="true">
      <scenes>
        <scene name="inGame" />
      </scenes>
      <color r="210" g="115" b="63" a="255" />
      <position x="20" y="150" />
    </label>
    <label size="1" name="label_Wave_time" text="Time: " interactive="false" canFocus="true" visible="true">
      <scenes>
        <scene name="inGame" />
      </scenes>
      <color r="210" g="115" b="63" a="255" />
      <position x="20" y="200" />
    </label>
    <label size="2" name="label_Wave_time_n" text="00" interactive="false" canFocus="true" visible="true">
      <scenes>
        <scene name="inGame" />
      </scenes>
      <color r="0" g="0" b="255" a="255" />
      <position x="150" y="210" />
    </label>
    <label size="1" name="label_Wave_stat" text="Status:" interactive="false" canFocus="true" visible="true">
      <scenes>
        <scene name="inGame" />
      </scenes>
      <color r="210" g="115" b="63" a="255" />
      <position x="20" y="250" />
    </label>
    <label size="2" name="label_Wave_stat_n" text="Aaaaaa" interactive="false" canFocus="true" visible="true">
      <scenes>
        <scene name="inGame" />
      </scenes>
      <color r="0" g="0" b="255" a="255" />
      <position x="150" y="260" />
    </label>
    <label size="1" name="label_EnemyDead_stat" text="Kills:" interactive="false" canFocus="true" visible="true">
      <scenes>
        <scene name="inGame" />
      </scenes>
          <color r="210" g="115" b="63" a="255" />
      <position x="20" y="300" />
    </label>
    <label size="2" name="label_EnemyDead_stat_n" text="00" interactive="false" canFocus="true" visible="true">
      <scenes>
        <scene name="inGame" />
      </scenes>
      <color r="0" g="0" b="255" a="255" />
      <position x="150" y="310" />
    </label>
    
    <!--UNIT BUYING INFO!-->
    <label size="2" name="label_ArcherCost" text="Wood: 25 Food: 0 Gold: 45" interactive="false" canFocus="false" visible="false">
      <scenes/>
    <color r="210" g="115" b="63" a="255"/>
    <position x="57" y="955"/>
    </label>
    
    <label size="2" name="label_SamuraiCost" text="Wood: 0 Food: 60 Gold: 30" interactive="false" canFocus="false" visible="false">
      <scenes/>
    <color r="210" g="115" b="63" a="255"/>
    <position x="57" y="955"/>
    </label>
    
    <label size="2" name="label_TarkanCost" text="Wood: 0 Food: 60 Gold: 75" interactive="false" canFocus="false" visible="false">
      <scenes/>
    <color r="210" g="115" b="63" a="255"/>
    <position x="57" y="955"/>
    </label>
    
    <label size="2" name="label_VillagerCost" text="Wood: 0 Food: 50 Gold: 0" interactive="false" canFocus="false" visible="false">
      <scenes/>
    <color r="210" g="115" b="63" a="255"/>
    <position x="57" y="955"/>
    </label>
    
    <!--  ............................................................................................  -->
    <!--  ............................................................................................  -->

		<button type="SamuraiCreatorButton" name="SamuraiCreatorButton" text="" interactive="true" canFocus="true" visible="true">
			<events />
			<listeners />
			<scenes>
				<scene name="inGame" />
			</scenes>
			<position x="108" y="918" />
			<textColor r="0" g="0" b="0" a="0" />
			<size w="36" h="36" />
		</button>
		<button type="RepairButton" name="RepairButtonBarrack" text="" interactive="true" canFocus="true" visible="true">
			<events />
			<listeners />
			<scenes>
				<scene name="inGame" />
			</scenes>
			<position x="216" y="918" />
			<textColor r="0" g="0" b="0" a="0" />
			<size w="36" h="36" />
		</button>
		<button type="TarkanCreatorButton" name="TarkanCreatorButton" text="" interactive="true" canFocus="true" visible="true">
			<events />
			<listeners />
			<scenes>
				<scene name="inGame" />
			</scenes>
			<position x="108" y="918" />
			<textColor r="0" g="0" b="0" a="0" />
			<size w="36" h="36" />
		</button>
		<button type="RepairButton" name="RepairButtonStable" text="" interactive="true" canFocus="true" visible="true">
			<events />
			<listeners />
			<scenes>
				<scene name="inGame" />
			</scenes>
			<position x="216" y="918" />
			<textColor r="0" g="0" b="0" a="0" />
			<size w="36" h="36" />
		</button>
		<button type="ArcherCreatorButton" name="ArcherCreatorButton" text="" interactive="true" canFocus="true" visible="true">
			<events />
			<listeners />
			<scenes>
				<scene name="inGame" />
			</scenes>
			<position x="108" y="918" />
			<textColor r="0" g="0" b="0" a="0" />
			<size w="36" h="36" />
		</button>
    <button type="VillagerCreatorButton" name="VillagerCreatorButton" text="" interactive="true" canFocus="true" visible="true">
      <events />
      <listeners />
      <scenes>
        <scene name="inGame" />
      </scenes>
      <position x="108" y="918" />
      <textColor r="0" g="0" b="0" a="0" />
      <size w="36" h="36" />
    </button>
		<button type="RepairButton" name="RepairButtonArchery" text="" interactive="true" canFocus="true" visible="true">
			<events />
			<listeners />
			<scenes>
				<scene name="inGame" />
			</scenes>
			<position x="216" y="918" />
			<textColor r="0" g="0" b="0" a="0" />
			<size w="36" h="36" />
		</button>

    <button type="OptionsButton" name="OptionsButton" text="" interactive="true" canFocus="true" visible="true">
      <events>
        <event action="33554432" origin="16" />
      </events>
      <listeners>
        <event name="inGame" />
      </listeners>
      <scenes>
        <scene name="inGame" />
      </scenes>
      <position x="0" y="0" />
      <textColor r="255" g="255" b="255" a="255" />
      <size w="96" h="81" />
    </button>
    
    <button type="button" name="MenuButtonInGame_Resume" text="Resume Game" interactive="true" canFocus="true" visible="true">
      <events>
        <event action="65536" origin="16" />
      </events>
      <listeners>
        <listener name="inGame" />
      </listeners>
			<scenes>
				<scene name="inGame" />
			</scenes>
			<position x="816" y="378" />
      <textSize s="2" />
      <textColor r="255" g="255" b="255" a="255" />
			<size w="252" h="36" />
		</button>
    
		<button type="button" name="MenuButtonInGame_Load" text="Load Game" interactive="true" canFocus="true" visible="true">
      <events>
        <event action="536870912" origin="16" />
      </events>
      <listeners>
        <listener name="inGame" />
      </listeners>
			<scenes>
				<scene name="inGame" />
			</scenes>
			<position x="816" y="423" />
      <textSize s="2" />
      <textColor r="255" g="255" b="255" a="255" />
          <textSize s="2" />
			<size w="252" h="36" />
		</button>
		<button type="button" name="MenuButtonInGame_Save" text="Save Game" interactive="true" canFocus="true" visible="true">
      <events>
        <event action="1073741824" origin="16" />
      </events>
      <listeners>
        <listener name="inGame" />
      </listeners>
			<scenes>
				<scene name="inGame" />
			</scenes>
			<position x="816" y="477" />
      <textColor r="255" g="255" b="255" a="255" />
      <textSize s="2" />
			<size w="252" h="36" />
		</button>
		<button type="button" name="MenuButtonInGame_Options" text="Options" interactive="true" canFocus="true" visible="true">
			<events />
			<listeners />
			<scenes>
				<scene name="inGame" />
			</scenes>
			<position x="816" y="522" />
      <textColor r="255" g="255" b="255" a="255" />
      <textSize s="2" />
			<size w="252" h="36" />
		</button> 
		<button type="button" name="MenuButtonInGame_Start" text="Exit to Start Menu" interactive="true" canFocus="true" visible="true">
		  <events>
        <event action="131072" origin="16" />
		  </events>
      <listeners>
        <listener name="inGame" />
      </listeners>
			<scenes>
				<scene name="inGame" />
			</scenes>
			<position x="816" y="576" />
      <textSize s="2" />
      <textColor r="255" g="255" b="255" a="255" />
			<size w="252" h="36" />
		</button>
		<button type="button" name="MenuButtonInGame_Exit" text="Exit to Desktop" interactive="true" canFocus="true" visible="true">
		  <events>
		    <event action="32768" origin="16" />
		  </events>
		  <listeners>
		    <listener name="inGame" />
		  </listeners>
			<scenes>
				<scene name="inGame" />
			</scenes>
			<position x="816" y="630" />
			<textColor r="255" g="255" b="255" a="255" />
      <textSize s="2" />
			<size w="252" h="36" />
		</button>
    
	</layout>
</gui>
