<?xml version="1.0"?>
<gui>
	<elements>
		<buttons>

			<button type_name="button" have_animations="0">
				<sections>
					<section type="standBy" x="14" y="481" w="305" h="43" />
					<section type="hover" x="14" y="531" w="305" h="43" />
					<section type="clicked" x="14" y="581" w="305" h="43" />
				</sections>
			</button>
    
    			<button type_name="button" have_animations="0">
				<sections>
					<section type="standBy" x="14" y="481" w="305" h="43" />
					<section type="hover" x="14" y="531" w="305" h="43" />
					<section type="clicked" x="14" y="581" w="305" h="43" />
				</sections>
			</button>

    <button type_name="buttonPlay" have_animations="0">
      <sections>
        <section type="standBy" x="1659" y="39" w="435" h="165" />
        <section type="hover" x="1659" y="210" w="435" h="165" />
        <section type="clicked" x="1659" y="385" w="435" h="165" />
      </sections>
    </button>

      <button type_name="buttonQuit" have_animations="0">
        <sections>
          <section type="standBy" x="1667" y="573" w="434" h="144" />
          <section type="hover" x="1667" y="729" w="434" h="144" />
          <section type="clicked" x="1667" y="903" w="434" h="144" />
        </sections>
      </button>
    </buttons>
		
		<imgs>
			<img type_name="title" have_animations="0">
				<section type="standBy" x="14" y="12" w="643" h="452" />
			</img>
		</imgs>
	</elements>

	<layout>
		<button type="button" name="start" text="Menu">
      <events>
        <event action="33554432" origin="16"/>
      </events>
      <listeners>
        <listener name="victory_menu"/>
      </listeners>
			<position x="100" y="600" />
			<size w="305" h="43" />
		</button>
		<button type="button" name="exit" text="Exit">
      <events>
        <event action="4194304" origin="16"/>
      </events>
      <listeners>
        <listener name="victory_menu"/>
      </listeners>
			<position x="100" y="900" />
			<size w="305" h="43" />
		</button>

		<img type="title" name="title">
			<position x="600" y="200" />
			<size w="640" h="450" />
		</img>
	</layout></gui>
